INFO  Diffblue Cover 2025.12.02-74144f0-licensed
INFO  
INFO  Command: issues
INFO  Output a prioritized list of issues.
INFO  
INFO  Discovered modules:
INFO  - com.yufeng:yufeng-erp
INFO  
INFO  
INFO  [1/1] Diagnosing issues for module: com.yufeng:yufeng-erp
INFO  =========================================================
INFO  
INFO  Detected Java version 1.8.0_472
INFO  Selected build system: Maven
INFO  Reading report file '/home/jbergqvist/diffblue/mawensen-erp/.diffblue/reports/report.json'
INFO  Copied report file to '/home/jbergqvist/diffblue/mawensen-erp/.diffblue/reports/report-20260112T141511.json'
INFO  
INFO  E092: Missing embedded database engine
      No embedded Java database engines were detected.
      This will prevent Diffblue Cover from writing tests for repository classes.
      Spring supports HSQL, H2, and Derby.
      Please add one of these as a dependency to your project.
      Here are most recent versions of these libraries that are known to be
      compatible with Diffblue Cover:
      org.hsqldb:hsqldb:2.6.1
      com.h2database:h2:2.1.210
      org.apache.derby:derby:10.14.2.0
      Alternatively, if you are not interested in testing repository classes,
      they can be excluded using the '--exclude' option.
      
INFO  Affected methods:
      com.yufeng.repository.GoodsUnitRepository.count:()J
      com.yufeng.repository.GoodsUnitRepository.count:(Lorg/springframework/data/domain/Example;)J
      com.yufeng.repository.GoodsUnitRepository.delete:(Ljava/io/Serializable;)V
      com.yufeng.repository.GoodsUnitRepository.delete:(Ljava/lang/Iterable;)V
      com.yufeng.repository.GoodsUnitRepository.delete:(Ljava/lang/Object;)V
      com.yufeng.repository.GoodsUnitRepository.deleteAll:()V
      com.yufeng.repository.GoodsUnitRepository.deleteAllInBatch:()V
      com.yufeng.repository.GoodsUnitRepository.deleteInBatch:(Ljava/lang/Iterable;)V
      com.yufeng.repository.GoodsUnitRepository.exists:(Ljava/io/Serializable;)Z
      com.yufeng.repository.GoodsUnitRepository.exists:(Lorg/springframework/data/domain/Example;)Z
      com.yufeng.repository.GoodsUnitRepository.findAll:(Ljava/lang/Iterable;)Ljava/lang/Iterable;
      com.yufeng.repository.GoodsUnitRepository.findAll:(Lorg/springframework/data/domain/Example;)Ljava/lang/Iterable;
      com.yufeng.repository.GoodsUnitRepository.findAll:(Lorg/springframework/data/domain/Example;Lorg/springframework/data/domain/Pageable;)Lorg/springframework/data/domain/Page;
      com.yufeng.repository.GoodsUnitRepository.findAll:(Lorg/springframework/data/domain/Example;Lorg/springframework/data/domain/Sort;)Ljava/lang/Iterable;
      com.yufeng.repository.GoodsUnitRepository.findAll:(Lorg/springframework/data/domain/Pageable;)Lorg/springframework/data/domain/Page;
      com.yufeng.repository.GoodsUnitRepository.findAll:(Lorg/springframework/data/domain/Sort;)Ljava/lang/Iterable;
      com.yufeng.repository.GoodsUnitRepository.findOne:(Ljava/io/Serializable;)Ljava/lang/Object;
      com.yufeng.repository.GoodsUnitRepository.findOne:(Lorg/springframework/data/domain/Example;)Ljava/lang/Object;
      com.yufeng.repository.GoodsUnitRepository.flush:()V
      com.yufeng.repository.GoodsUnitRepository.getOne:(Ljava/io/Serializable;)Ljava/lang/Object;
      com.yufeng.repository.GoodsUnitRepository.save:(Ljava/lang/Iterable;)Ljava/lang/Iterable;
      com.yufeng.repository.GoodsUnitRepository.save:(Ljava/lang/Object;)Ljava/lang/Object;
      com.yufeng.repository.GoodsUnitRepository.saveAndFlush:(Ljava/lang/Object;)Ljava/lang/Object;
      
INFO  To resolve the issue, use the following prompt with your AI assistant:
      
      Fix the following issue preventing test creation for:
      com.yufeng.repository.GoodsUnitRepository.count:()J
      com.yufeng.repository.GoodsUnitRepository.count:(Lorg/springframework/data/domain/Example;)J
      com.yufeng.repository.GoodsUnitRepository.delete:(Ljava/io/Serializable;)V
      com.yufeng.repository.GoodsUnitRepository.delete:(Ljava/lang/Iterable;)V
      com.yufeng.repository.GoodsUnitRepository.delete:(Ljava/lang/Object;)V
      com.yufeng.repository.GoodsUnitRepository.deleteAll:()V
      com.yufeng.repository.GoodsUnitRepository.deleteAllInBatch:()V
      com.yufeng.repository.GoodsUnitRepository.deleteInBatch:(Ljava/lang/Iterable;)V
      com.yufeng.repository.GoodsUnitRepository.exists:(Ljava/io/Serializable;)Z
      com.yufeng.repository.GoodsUnitRepository.exists:(Lorg/springframework/data/domain/Example;)Z
      com.yufeng.repository.GoodsUnitRepository.findAll:(Ljava/lang/Iterable;)Ljava/lang/Iterable;
      com.yufeng.repository.GoodsUnitRepository.findAll:(Lorg/springframework/data/domain/Example;)Ljava/lang/Iterable;
      com.yufeng.repository.GoodsUnitRepository.findAll:(Lorg/springframework/data/domain/Example;Lorg/springframework/data/domain/Pageable;)Lorg/springframework/data/domain/Page;
      com.yufeng.repository.GoodsUnitRepository.findAll:(Lorg/springframework/data/domain/Example;Lorg/springframework/data/domain/Sort;)Ljava/lang/Iterable;
      com.yufeng.repository.GoodsUnitRepository.findAll:(Lorg/springframework/data/domain/Pageable;)Lorg/springframework/data/domain/Page;
      com.yufeng.repository.GoodsUnitRepository.findAll:(Lorg/springframework/data/domain/Sort;)Ljava/lang/Iterable;
      com.yufeng.repository.GoodsUnitRepository.findOne:(Ljava/io/Serializable;)Ljava/lang/Object;
      com.yufeng.repository.GoodsUnitRepository.findOne:(Lorg/springframework/data/domain/Example;)Ljava/lang/Object;
      com.yufeng.repository.GoodsUnitRepository.flush:()V
      com.yufeng.repository.GoodsUnitRepository.getOne:(Ljava/io/Serializable;)Ljava/lang/Object;
      com.yufeng.repository.GoodsUnitRepository.save:(Ljava/lang/Iterable;)Ljava/lang/Iterable;
      com.yufeng.repository.GoodsUnitRepository.save:(Ljava/lang/Object;)Ljava/lang/Object;
      com.yufeng.repository.GoodsUnitRepository.saveAndFlush:(Ljava/lang/Object;)Ljava/lang/Object;
      
      No embedded Java database engines were detected.
      This will prevent Diffblue Cover from writing tests for repository classes.
      Spring supports HSQL, H2, and Derby.
      Please add one of these as a dependency to your project.
      Here are most recent versions of these libraries that are known to be
      compatible with Diffblue Cover:
      org.hsqldb:hsqldb:2.6.1
      com.h2database:h2:2.1.210
      org.apache.derby:derby:10.14.2.0
      Alternatively, if you are not interested in testing repository classes,
      they can be excluded using the '--exclude' option.
      
INFO  
INFO  E092: Missing embedded database engine
      No embedded Java database engines were detected.
      This will prevent Diffblue Cover from writing tests for repository classes.
      Spring supports HSQL, H2, and Derby.
      Please add one of these as a dependency to your project.
      Here are most recent versions of these libraries that are known to be
      compatible with Diffblue Cover:
      org.hsqldb:hsqldb:2.6.1
      com.h2database:h2:2.1.210
      org.apache.derby:derby:10.14.2.0
      Alternatively, if you are not interested in testing repository classes,
      they can be excluded using the '--exclude' option.
      
INFO  Affected methods:
      com.yufeng.repository.RoleRepository.count:()J
      com.yufeng.repository.RoleRepository.count:(Lorg/springframework/data/domain/Example;)J
      com.yufeng.repository.RoleRepository.count:(Lorg/springframework/data/jpa/domain/Specification;)J
      com.yufeng.repository.RoleRepository.delete:(Ljava/io/Serializable;)V
      com.yufeng.repository.RoleRepository.delete:(Ljava/lang/Iterable;)V
      com.yufeng.repository.RoleRepository.delete:(Ljava/lang/Object;)V
      com.yufeng.repository.RoleRepository.deleteAll:()V
      com.yufeng.repository.RoleRepository.deleteAllInBatch:()V
      com.yufeng.repository.RoleRepository.deleteInBatch:(Ljava/lang/Iterable;)V
      com.yufeng.repository.RoleRepository.exists:(Ljava/io/Serializable;)Z
      com.yufeng.repository.RoleRepository.exists:(Lorg/springframework/data/domain/Example;)Z
      com.yufeng.repository.RoleRepository.findAll:(Ljava/lang/Iterable;)Ljava/lang/Iterable;
      com.yufeng.repository.RoleRepository.findAll:(Lorg/springframework/data/domain/Example;)Ljava/lang/Iterable;
      com.yufeng.repository.RoleRepository.findAll:(Lorg/springframework/data/domain/Example;Lorg/springframework/data/domain/Pageable;)Lorg/springframework/data/domain/Page;
      com.yufeng.repository.RoleRepository.findAll:(Lorg/springframework/data/domain/Example;Lorg/springframework/data/domain/Sort;)Ljava/lang/Iterable;
      com.yufeng.repository.RoleRepository.findAll:(Lorg/springframework/data/domain/Pageable;)Lorg/springframework/data/domain/Page;
      com.yufeng.repository.RoleRepository.findAll:(Lorg/springframework/data/domain/Sort;)Ljava/lang/Iterable;
      com.yufeng.repository.RoleRepository.findAll:(Lorg/springframework/data/jpa/domain/Specification;)Ljava/util/List;
      com.yufeng.repository.RoleRepository.findAll:(Lorg/springframework/data/jpa/domain/Specification;Lorg/springframework/data/domain/Pageable;)Lorg/springframework/data/domain/Page;
      com.yufeng.repository.RoleRepository.findAll:(Lorg/springframework/data/jpa/domain/Specification;Lorg/springframework/data/domain/Sort;)Ljava/util/List;
      com.yufeng.repository.RoleRepository.findByUserId:(Ljava/lang/Integer;)Ljava/util/List;
      com.yufeng.repository.RoleRepository.findOne:(Ljava/io/Serializable;)Ljava/lang/Object;
      com.yufeng.repository.RoleRepository.findOne:(Lorg/springframework/data/domain/Example;)Ljava/lang/Object;
      com.yufeng.repository.RoleRepository.findOne:(Lorg/springframework/data/jpa/domain/Specification;)Ljava/lang/Object;
      com.yufeng.repository.RoleRepository.flush:()V
      com.yufeng.repository.RoleRepository.getOne:(Ljava/io/Serializable;)Ljava/lang/Object;
      com.yufeng.repository.RoleRepository.save:(Ljava/lang/Iterable;)Ljava/lang/Iterable;
      com.yufeng.repository.RoleRepository.save:(Ljava/lang/Object;)Ljava/lang/Object;
      com.yufeng.repository.RoleRepository.saveAndFlush:(Ljava/lang/Object;)Ljava/lang/Object;
      
INFO  To resolve the issue, use the following prompt with your AI assistant:
      
      Fix the following issue preventing test creation for:
      com.yufeng.repository.RoleRepository.count:()J
      com.yufeng.repository.RoleRepository.count:(Lorg/springframework/data/domain/Example;)J
      com.yufeng.repository.RoleRepository.count:(Lorg/springframework/data/jpa/domain/Specification;)J
      com.yufeng.repository.RoleRepository.delete:(Ljava/io/Serializable;)V
      com.yufeng.repository.RoleRepository.delete:(Ljava/lang/Iterable;)V
      com.yufeng.repository.RoleRepository.delete:(Ljava/lang/Object;)V
      com.yufeng.repository.RoleRepository.deleteAll:()V
      com.yufeng.repository.RoleRepository.deleteAllInBatch:()V
      com.yufeng.repository.RoleRepository.deleteInBatch:(Ljava/lang/Iterable;)V
      com.yufeng.repository.RoleRepository.exists:(Ljava/io/Serializable;)Z
      com.yufeng.repository.RoleRepository.exists:(Lorg/springframework/data/domain/Example;)Z
      com.yufeng.repository.RoleRepository.findAll:(Ljava/lang/Iterable;)Ljava/lang/Iterable;
      com.yufeng.repository.RoleRepository.findAll:(Lorg/springframework/data/domain/Example;)Ljava/lang/Iterable;
      com.yufeng.repository.RoleRepository.findAll:(Lorg/springframework/data/domain/Example;Lorg/springframework/data/domain/Pageable;)Lorg/springframework/data/domain/Page;
      com.yufeng.repository.RoleRepository.findAll:(Lorg/springframework/data/domain/Example;Lorg/springframework/data/domain/Sort;)Ljava/lang/Iterable;
      com.yufeng.repository.RoleRepository.findAll:(Lorg/springframework/data/domain/Pageable;)Lorg/springframework/data/domain/Page;
      com.yufeng.repository.RoleRepository.findAll:(Lorg/springframework/data/domain/Sort;)Ljava/lang/Iterable;
      com.yufeng.repository.RoleRepository.findAll:(Lorg/springframework/data/jpa/domain/Specification;)Ljava/util/List;
      com.yufeng.repository.RoleRepository.findAll:(Lorg/springframework/data/jpa/domain/Specification;Lorg/springframework/data/domain/Pageable;)Lorg/springframework/data/domain/Page;
      com.yufeng.repository.RoleRepository.findAll:(Lorg/springframework/data/jpa/domain/Specification;Lorg/springframework/data/domain/Sort;)Ljava/util/List;
      com.yufeng.repository.RoleRepository.findByUserId:(Ljava/lang/Integer;)Ljava/util/List;
      com.yufeng.repository.RoleRepository.findOne:(Ljava/io/Serializable;)Ljava/lang/Object;
      com.yufeng.repository.RoleRepository.findOne:(Lorg/springframework/data/domain/Example;)Ljava/lang/Object;
      com.yufeng.repository.RoleRepository.findOne:(Lorg/springframework/data/jpa/domain/Specification;)Ljava/lang/Object;
      com.yufeng.repository.RoleRepository.flush:()V
      com.yufeng.repository.RoleRepository.getOne:(Ljava/io/Serializable;)Ljava/lang/Object;
      com.yufeng.repository.RoleRepository.save:(Ljava/lang/Iterable;)Ljava/lang/Iterable;
      com.yufeng.repository.RoleRepository.save:(Ljava/lang/Object;)Ljava/lang/Object;
      com.yufeng.repository.RoleRepository.saveAndFlush:(Ljava/lang/Object;)Ljava/lang/Object;
      
      No embedded Java database engines were detected.
      This will prevent Diffblue Cover from writing tests for repository classes.
      Spring supports HSQL, H2, and Derby.
      Please add one of these as a dependency to your project.
      Here are most recent versions of these libraries that are known to be
      compatible with Diffblue Cover:
      org.hsqldb:hsqldb:2.6.1
      com.h2database:h2:2.1.210
      org.apache.derby:derby:10.14.2.0
      Alternatively, if you are not interested in testing repository classes,
      they can be excluded using the '--exclude' option.
      
INFO  
INFO  E092: Missing embedded database engine
      No embedded Java database engines were detected.
      This will prevent Diffblue Cover from writing tests for repository classes.
      Spring supports HSQL, H2, and Derby.
      Please add one of these as a dependency to your project.
      Here are most recent versions of these libraries that are known to be
      compatible with Diffblue Cover:
      org.hsqldb:hsqldb:2.6.1
      com.h2database:h2:2.1.210
      org.apache.derby:derby:10.14.2.0
      Alternatively, if you are not interested in testing repository classes,
      they can be excluded using the '--exclude' option.
      
INFO  Affected methods:
      com.yufeng.repository.PurchaseListRepository.count:()J
      com.yufeng.repository.PurchaseListRepository.count:(Lorg/springframework/data/domain/Example;)J
      com.yufeng.repository.PurchaseListRepository.count:(Lorg/springframework/data/jpa/domain/Specification;)J
      com.yufeng.repository.PurchaseListRepository.delete:(Ljava/io/Serializable;)V
      com.yufeng.repository.PurchaseListRepository.delete:(Ljava/lang/Iterable;)V
      com.yufeng.repository.PurchaseListRepository.delete:(Ljava/lang/Object;)V
      com.yufeng.repository.PurchaseListRepository.deleteAll:()V
      com.yufeng.repository.PurchaseListRepository.deleteAllInBatch:()V
      com.yufeng.repository.PurchaseListRepository.deleteInBatch:(Ljava/lang/Iterable;)V
      com.yufeng.repository.PurchaseListRepository.exists:(Ljava/io/Serializable;)Z
      com.yufeng.repository.PurchaseListRepository.exists:(Lorg/springframework/data/domain/Example;)Z
      com.yufeng.repository.PurchaseListRepository.findAll:(Ljava/lang/Iterable;)Ljava/lang/Iterable;
      com.yufeng.repository.PurchaseListRepository.findAll:(Lorg/springframework/data/domain/Example;)Ljava/lang/Iterable;
      com.yufeng.repository.PurchaseListRepository.findAll:(Lorg/springframework/data/domain/Example;Lorg/springframework/data/domain/Pageable;)Lorg/springframework/data/domain/Page;
      com.yufeng.repository.PurchaseListRepository.findAll:(Lorg/springframework/data/domain/Example;Lorg/springframework/data/domain/Sort;)Ljava/lang/Iterable;
      com.yufeng.repository.PurchaseListRepository.findAll:(Lorg/springframework/data/domain/Pageable;)Lorg/springframework/data/domain/Page;
      com.yufeng.repository.PurchaseListRepository.findAll:(Lorg/springframework/data/domain/Sort;)Ljava/lang/Iterable;
      com.yufeng.repository.PurchaseListRepository.findAll:(Lorg/springframework/data/jpa/domain/Specification;)Ljava/util/List;
      com.yufeng.repository.PurchaseListRepository.findAll:(Lorg/springframework/data/jpa/domain/Specification;Lorg/springframework/data/domain/Pageable;)Lorg/springframework/data/domain/Page;
      com.yufeng.repository.PurchaseListRepository.findAll:(Lorg/springframework/data/jpa/domain/Specification;Lorg/springframework/data/domain/Sort;)Ljava/util/List;
      com.yufeng.repository.PurchaseListRepository.findOne:(Ljava/io/Serializable;)Ljava/lang/Object;
      com.yufeng.repository.PurchaseListRepository.findOne:(Lorg/springframework/data/domain/Example;)Ljava/lang/Object;
      com.yufeng.repository.PurchaseListRepository.findOne:(Lorg/springframework/data/jpa/domain/Specification;)Ljava/lang/Object;
      com.yufeng.repository.PurchaseListRepository.flush:()V
      com.yufeng.repository.PurchaseListRepository.getOne:(Ljava/io/Serializable;)Ljava/lang/Object;
      com.yufeng.repository.PurchaseListRepository.getTodayMaxPurchaseNumber:()Ljava/lang/String;
      com.yufeng.repository.PurchaseListRepository.save:(Ljava/lang/Iterable;)Ljava/lang/Iterable;
      com.yufeng.repository.PurchaseListRepository.save:(Ljava/lang/Object;)Ljava/lang/Object;
      com.yufeng.repository.PurchaseListRepository.saveAndFlush:(Ljava/lang/Object;)Ljava/lang/Object;
      
INFO  To resolve the issue, use the following prompt with your AI assistant:
      
      Fix the following issue preventing test creation for:
      com.yufeng.repository.PurchaseListRepository.count:()J
      com.yufeng.repository.PurchaseListRepository.count:(Lorg/springframework/data/domain/Example;)J
      com.yufeng.repository.PurchaseListRepository.count:(Lorg/springframework/data/jpa/domain/Specification;)J
      com.yufeng.repository.PurchaseListRepository.delete:(Ljava/io/Serializable;)V
      com.yufeng.repository.PurchaseListRepository.delete:(Ljava/lang/Iterable;)V
      com.yufeng.repository.PurchaseListRepository.delete:(Ljava/lang/Object;)V
      com.yufeng.repository.PurchaseListRepository.deleteAll:()V
      com.yufeng.repository.PurchaseListRepository.deleteAllInBatch:()V
      com.yufeng.repository.PurchaseListRepository.deleteInBatch:(Ljava/lang/Iterable;)V
      com.yufeng.repository.PurchaseListRepository.exists:(Ljava/io/Serializable;)Z
      com.yufeng.repository.PurchaseListRepository.exists:(Lorg/springframework/data/domain/Example;)Z
      com.yufeng.repository.PurchaseListRepository.findAll:(Ljava/lang/Iterable;)Ljava/lang/Iterable;
      com.yufeng.repository.PurchaseListRepository.findAll:(Lorg/springframework/data/domain/Example;)Ljava/lang/Iterable;
      com.yufeng.repository.PurchaseListRepository.findAll:(Lorg/springframework/data/domain/Example;Lorg/springframework/data/domain/Pageable;)Lorg/springframework/data/domain/Page;
      com.yufeng.repository.PurchaseListRepository.findAll:(Lorg/springframework/data/domain/Example;Lorg/springframework/data/domain/Sort;)Ljava/lang/Iterable;
      com.yufeng.repository.PurchaseListRepository.findAll:(Lorg/springframework/data/domain/Pageable;)Lorg/springframework/data/domain/Page;
      com.yufeng.repository.PurchaseListRepository.findAll:(Lorg/springframework/data/domain/Sort;)Ljava/lang/Iterable;
      com.yufeng.repository.PurchaseListRepository.findAll:(Lorg/springframework/data/jpa/domain/Specification;)Ljava/util/List;
      com.yufeng.repository.PurchaseListRepository.findAll:(Lorg/springframework/data/jpa/domain/Specification;Lorg/springframework/data/domain/Pageable;)Lorg/springframework/data/domain/Page;
      com.yufeng.repository.PurchaseListRepository.findAll:(Lorg/springframework/data/jpa/domain/Specification;Lorg/springframework/data/domain/Sort;)Ljava/util/List;
      com.yufeng.repository.PurchaseListRepository.findOne:(Ljava/io/Serializable;)Ljava/lang/Object;
      com.yufeng.repository.PurchaseListRepository.findOne:(Lorg/springframework/data/domain/Example;)Ljava/lang/Object;
      com.yufeng.repository.PurchaseListRepository.findOne:(Lorg/springframework/data/jpa/domain/Specification;)Ljava/lang/Object;
      com.yufeng.repository.PurchaseListRepository.flush:()V
      com.yufeng.repository.PurchaseListRepository.getOne:(Ljava/io/Serializable;)Ljava/lang/Object;
      com.yufeng.repository.PurchaseListRepository.getTodayMaxPurchaseNumber:()Ljava/lang/String;
      com.yufeng.repository.PurchaseListRepository.save:(Ljava/lang/Iterable;)Ljava/lang/Iterable;
      com.yufeng.repository.PurchaseListRepository.save:(Ljava/lang/Object;)Ljava/lang/Object;
      com.yufeng.repository.PurchaseListRepository.saveAndFlush:(Ljava/lang/Object;)Ljava/lang/Object;
      
      No embedded Java database engines were detected.
      This will prevent Diffblue Cover from writing tests for repository classes.
      Spring supports HSQL, H2, and Derby.
      Please add one of these as a dependency to your project.
      Here are most recent versions of these libraries that are known to be
      compatible with Diffblue Cover:
      org.hsqldb:hsqldb:2.6.1
      com.h2database:h2:2.1.210
      org.apache.derby:derby:10.14.2.0
      Alternatively, if you are not interested in testing repository classes,
      they can be excluded using the '--exclude' option.
      
INFO  
INFO  E092: Missing embedded database engine
      No embedded Java database engines were detected.
      This will prevent Diffblue Cover from writing tests for repository classes.
      Spring supports HSQL, H2, and Derby.
      Please add one of these as a dependency to your project.
      Here are most recent versions of these libraries that are known to be
      compatible with Diffblue Cover:
      org.hsqldb:hsqldb:2.6.1
      com.h2database:h2:2.1.210
      org.apache.derby:derby:10.14.2.0
      Alternatively, if you are not interested in testing repository classes,
      they can be excluded using the '--exclude' option.
      
INFO  Affected methods:
      com.yufeng.repository.SupplierRepository.count:()J
      com.yufeng.repository.SupplierRepository.count:(Lorg/springframework/data/domain/Example;)J
      com.yufeng.repository.SupplierRepository.count:(Lorg/springframework/data/jpa/domain/Specification;)J
      com.yufeng.repository.SupplierRepository.delete:(Ljava/io/Serializable;)V
      com.yufeng.repository.SupplierRepository.delete:(Ljava/lang/Iterable;)V
      com.yufeng.repository.SupplierRepository.delete:(Ljava/lang/Object;)V
      com.yufeng.repository.SupplierRepository.deleteAll:()V
      com.yufeng.repository.SupplierRepository.deleteAllInBatch:()V
      com.yufeng.repository.SupplierRepository.deleteInBatch:(Ljava/lang/Iterable;)V
      com.yufeng.repository.SupplierRepository.exists:(Ljava/io/Serializable;)Z
      com.yufeng.repository.SupplierRepository.exists:(Lorg/springframework/data/domain/Example;)Z
      com.yufeng.repository.SupplierRepository.findAll:(Ljava/lang/Iterable;)Ljava/lang/Iterable;
      com.yufeng.repository.SupplierRepository.findAll:(Lorg/springframework/data/domain/Example;)Ljava/lang/Iterable;
      com.yufeng.repository.SupplierRepository.findAll:(Lorg/springframework/data/domain/Example;Lorg/springframework/data/domain/Pageable;)Lorg/springframework/data/domain/Page;
      com.yufeng.repository.SupplierRepository.findAll:(Lorg/springframework/data/domain/Example;Lorg/springframework/data/domain/Sort;)Ljava/lang/Iterable;
      com.yufeng.repository.SupplierRepository.findAll:(Lorg/springframework/data/domain/Pageable;)Lorg/springframework/data/domain/Page;
      com.yufeng.repository.SupplierRepository.findAll:(Lorg/springframework/data/domain/Sort;)Ljava/lang/Iterable;
      com.yufeng.repository.SupplierRepository.findAll:(Lorg/springframework/data/jpa/domain/Specification;)Ljava/util/List;
      com.yufeng.repository.SupplierRepository.findAll:(Lorg/springframework/data/jpa/domain/Specification;Lorg/springframework/data/domain/Pageable;)Lorg/springframework/data/domain/Page;
      com.yufeng.repository.SupplierRepository.findAll:(Lorg/springframework/data/jpa/domain/Specification;Lorg/springframework/data/domain/Sort;)Ljava/util/List;
      com.yufeng.repository.SupplierRepository.findByName:(Ljava/lang/String;)Ljava/util/List;
      com.yufeng.repository.SupplierRepository.findOne:(Ljava/io/Serializable;)Ljava/lang/Object;
      com.yufeng.repository.SupplierRepository.findOne:(Lorg/springframework/data/domain/Example;)Ljava/lang/Object;
      com.yufeng.repository.SupplierRepository.findOne:(Lorg/springframework/data/jpa/domain/Specification;)Ljava/lang/Object;
      com.yufeng.repository.SupplierRepository.flush:()V
      com.yufeng.repository.SupplierRepository.getOne:(Ljava/io/Serializable;)Ljava/lang/Object;
      com.yufeng.repository.SupplierRepository.save:(Ljava/lang/Iterable;)Ljava/lang/Iterable;
      com.yufeng.repository.SupplierRepository.save:(Ljava/lang/Object;)Ljava/lang/Object;
      com.yufeng.repository.SupplierRepository.saveAndFlush:(Ljava/lang/Object;)Ljava/lang/Object;
      
INFO  To resolve the issue, use the following prompt with your AI assistant:
      
      Fix the following issue preventing test creation for:
      com.yufeng.repository.SupplierRepository.count:()J
      com.yufeng.repository.SupplierRepository.count:(Lorg/springframework/data/domain/Example;)J
      com.yufeng.repository.SupplierRepository.count:(Lorg/springframework/data/jpa/domain/Specification;)J
      com.yufeng.repository.SupplierRepository.delete:(Ljava/io/Serializable;)V
      com.yufeng.repository.SupplierRepository.delete:(Ljava/lang/Iterable;)V
      com.yufeng.repository.SupplierRepository.delete:(Ljava/lang/Object;)V
      com.yufeng.repository.SupplierRepository.deleteAll:()V
      com.yufeng.repository.SupplierRepository.deleteAllInBatch:()V
      com.yufeng.repository.SupplierRepository.deleteInBatch:(Ljava/lang/Iterable;)V
      com.yufeng.repository.SupplierRepository.exists:(Ljava/io/Serializable;)Z
      com.yufeng.repository.SupplierRepository.exists:(Lorg/springframework/data/domain/Example;)Z
      com.yufeng.repository.SupplierRepository.findAll:(Ljava/lang/Iterable;)Ljava/lang/Iterable;
      com.yufeng.repository.SupplierRepository.findAll:(Lorg/springframework/data/domain/Example;)Ljava/lang/Iterable;
      com.yufeng.repository.SupplierRepository.findAll:(Lorg/springframework/data/domain/Example;Lorg/springframework/data/domain/Pageable;)Lorg/springframework/data/domain/Page;
      com.yufeng.repository.SupplierRepository.findAll:(Lorg/springframework/data/domain/Example;Lorg/springframework/data/domain/Sort;)Ljava/lang/Iterable;
      com.yufeng.repository.SupplierRepository.findAll:(Lorg/springframework/data/domain/Pageable;)Lorg/springframework/data/domain/Page;
      com.yufeng.repository.SupplierRepository.findAll:(Lorg/springframework/data/domain/Sort;)Ljava/lang/Iterable;
      com.yufeng.repository.SupplierRepository.findAll:(Lorg/springframework/data/jpa/domain/Specification;)Ljava/util/List;
      com.yufeng.repository.SupplierRepository.findAll:(Lorg/springframework/data/jpa/domain/Specification;Lorg/springframework/data/domain/Pageable;)Lorg/springframework/data/domain/Page;
      com.yufeng.repository.SupplierRepository.findAll:(Lorg/springframework/data/jpa/domain/Specification;Lorg/springframework/data/domain/Sort;)Ljava/util/List;
      com.yufeng.repository.SupplierRepository.findByName:(Ljava/lang/String;)Ljava/util/List;
      com.yufeng.repository.SupplierRepository.findOne:(Ljava/io/Serializable;)Ljava/lang/Object;
      com.yufeng.repository.SupplierRepository.findOne:(Lorg/springframework/data/domain/Example;)Ljava/lang/Object;
      com.yufeng.repository.SupplierRepository.findOne:(Lorg/springframework/data/jpa/domain/Specification;)Ljava/lang/Object;
      com.yufeng.repository.SupplierRepository.flush:()V
      com.yufeng.repository.SupplierRepository.getOne:(Ljava/io/Serializable;)Ljava/lang/Object;
      com.yufeng.repository.SupplierRepository.save:(Ljava/lang/Iterable;)Ljava/lang/Iterable;
      com.yufeng.repository.SupplierRepository.save:(Ljava/lang/Object;)Ljava/lang/Object;
      com.yufeng.repository.SupplierRepository.saveAndFlush:(Ljava/lang/Object;)Ljava/lang/Object;
      
      No embedded Java database engines were detected.
      This will prevent Diffblue Cover from writing tests for repository classes.
      Spring supports HSQL, H2, and Derby.
      Please add one of these as a dependency to your project.
      Here are most recent versions of these libraries that are known to be
      compatible with Diffblue Cover:
      org.hsqldb:hsqldb:2.6.1
      com.h2database:h2:2.1.210
      org.apache.derby:derby:10.14.2.0
      Alternatively, if you are not interested in testing repository classes,
      they can be excluded using the '--exclude' option.
      
INFO  
INFO  E092: Missing embedded database engine
      No embedded Java database engines were detected.
      This will prevent Diffblue Cover from writing tests for repository classes.
      Spring supports HSQL, H2, and Derby.
      Please add one of these as a dependency to your project.
      Here are most recent versions of these libraries that are known to be
      compatible with Diffblue Cover:
      org.hsqldb:hsqldb:2.6.1
      com.h2database:h2:2.1.210
      org.apache.derby:derby:10.14.2.0
      Alternatively, if you are not interested in testing repository classes,
      they can be excluded using the '--exclude' option.
      
INFO  Affected methods:
      com.yufeng.repository.GoodsTypeRepository.count:()J
      com.yufeng.repository.GoodsTypeRepository.count:(Lorg/springframework/data/domain/Example;)J
      com.yufeng.repository.GoodsTypeRepository.count:(Lorg/springframework/data/jpa/domain/Specification;)J
      com.yufeng.repository.GoodsTypeRepository.delete:(Ljava/io/Serializable;)V
      com.yufeng.repository.GoodsTypeRepository.delete:(Ljava/lang/Iterable;)V
      com.yufeng.repository.GoodsTypeRepository.delete:(Ljava/lang/Object;)V
      com.yufeng.repository.GoodsTypeRepository.deleteAll:()V
      com.yufeng.repository.GoodsTypeRepository.deleteAllInBatch:()V
      com.yufeng.repository.GoodsTypeRepository.deleteInBatch:(Ljava/lang/Iterable;)V
      com.yufeng.repository.GoodsTypeRepository.exists:(Ljava/io/Serializable;)Z
      com.yufeng.repository.GoodsTypeRepository.exists:(Lorg/springframework/data/domain/Example;)Z
      com.yufeng.repository.GoodsTypeRepository.findAll:(Ljava/lang/Iterable;)Ljava/lang/Iterable;
      com.yufeng.repository.GoodsTypeRepository.findAll:(Lorg/springframework/data/domain/Example;)Ljava/lang/Iterable;
      com.yufeng.repository.GoodsTypeRepository.findAll:(Lorg/springframework/data/domain/Example;Lorg/springframework/data/domain/Pageable;)Lorg/springframework/data/domain/Page;
      com.yufeng.repository.GoodsTypeRepository.findAll:(Lorg/springframework/data/domain/Example;Lorg/springframework/data/domain/Sort;)Ljava/lang/Iterable;
      com.yufeng.repository.GoodsTypeRepository.findAll:(Lorg/springframework/data/domain/Pageable;)Lorg/springframework/data/domain/Page;
      com.yufeng.repository.GoodsTypeRepository.findAll:(Lorg/springframework/data/domain/Sort;)Ljava/lang/Iterable;
      com.yufeng.repository.GoodsTypeRepository.findAll:(Lorg/springframework/data/jpa/domain/Specification;)Ljava/util/List;
      com.yufeng.repository.GoodsTypeRepository.findAll:(Lorg/springframework/data/jpa/domain/Specification;Lorg/springframework/data/domain/Pageable;)Lorg/springframework/data/domain/Page;
      com.yufeng.repository.GoodsTypeRepository.findAll:(Lorg/springframework/data/jpa/domain/Specification;Lorg/springframework/data/domain/Sort;)Ljava/util/List;
      com.yufeng.repository.GoodsTypeRepository.findByParentId:(I)Ljava/util/List;
      com.yufeng.repository.GoodsTypeRepository.findOne:(Ljava/io/Serializable;)Ljava/lang/Object;
      com.yufeng.repository.GoodsTypeRepository.findOne:(Lorg/springframework/data/domain/Example;)Ljava/lang/Object;
      com.yufeng.repository.GoodsTypeRepository.findOne:(Lorg/springframework/data/jpa/domain/Specification;)Ljava/lang/Object;
      com.yufeng.repository.GoodsTypeRepository.flush:()V
      com.yufeng.repository.GoodsTypeRepository.getOne:(Ljava/io/Serializable;)Ljava/lang/Object;
      com.yufeng.repository.GoodsTypeRepository.save:(Ljava/lang/Iterable;)Ljava/lang/Iterable;
      com.yufeng.repository.GoodsTypeRepository.save:(Ljava/lang/Object;)Ljava/lang/Object;
      com.yufeng.repository.GoodsTypeRepository.saveAndFlush:(Ljava/lang/Object;)Ljava/lang/Object;
      
INFO  To resolve the issue, use the following prompt with your AI assistant:
      
      Fix the following issue preventing test creation for:
      com.yufeng.repository.GoodsTypeRepository.count:()J
      com.yufeng.repository.GoodsTypeRepository.count:(Lorg/springframework/data/domain/Example;)J
      com.yufeng.repository.GoodsTypeRepository.count:(Lorg/springframework/data/jpa/domain/Specification;)J
      com.yufeng.repository.GoodsTypeRepository.delete:(Ljava/io/Serializable;)V
      com.yufeng.repository.GoodsTypeRepository.delete:(Ljava/lang/Iterable;)V
      com.yufeng.repository.GoodsTypeRepository.delete:(Ljava/lang/Object;)V
      com.yufeng.repository.GoodsTypeRepository.deleteAll:()V
      com.yufeng.repository.GoodsTypeRepository.deleteAllInBatch:()V
      com.yufeng.repository.GoodsTypeRepository.deleteInBatch:(Ljava/lang/Iterable;)V
      com.yufeng.repository.GoodsTypeRepository.exists:(Ljava/io/Serializable;)Z
      com.yufeng.repository.GoodsTypeRepository.exists:(Lorg/springframework/data/domain/Example;)Z
      com.yufeng.repository.GoodsTypeRepository.findAll:(Ljava/lang/Iterable;)Ljava/lang/Iterable;
      com.yufeng.repository.GoodsTypeRepository.findAll:(Lorg/springframework/data/domain/Example;)Ljava/lang/Iterable;
      com.yufeng.repository.GoodsTypeRepository.findAll:(Lorg/springframework/data/domain/Example;Lorg/springframework/data/domain/Pageable;)Lorg/springframework/data/domain/Page;
      com.yufeng.repository.GoodsTypeRepository.findAll:(Lorg/springframework/data/domain/Example;Lorg/springframework/data/domain/Sort;)Ljava/lang/Iterable;
      com.yufeng.repository.GoodsTypeRepository.findAll:(Lorg/springframework/data/domain/Pageable;)Lorg/springframework/data/domain/Page;
      com.yufeng.repository.GoodsTypeRepository.findAll:(Lorg/springframework/data/domain/Sort;)Ljava/lang/Iterable;
      com.yufeng.repository.GoodsTypeRepository.findAll:(Lorg/springframework/data/jpa/domain/Specification;)Ljava/util/List;
      com.yufeng.repository.GoodsTypeRepository.findAll:(Lorg/springframework/data/jpa/domain/Specification;Lorg/springframework/data/domain/Pageable;)Lorg/springframework/data/domain/Page;
      com.yufeng.repository.GoodsTypeRepository.findAll:(Lorg/springframework/data/jpa/domain/Specification;Lorg/springframework/data/domain/Sort;)Ljava/util/List;
      com.yufeng.repository.GoodsTypeRepository.findByParentId:(I)Ljava/util/List;
      com.yufeng.repository.GoodsTypeRepository.findOne:(Ljava/io/Serializable;)Ljava/lang/Object;
      com.yufeng.repository.GoodsTypeRepository.findOne:(Lorg/springframework/data/domain/Example;)Ljava/lang/Object;
      com.yufeng.repository.GoodsTypeRepository.findOne:(Lorg/springframework/data/jpa/domain/Specification;)Ljava/lang/Object;
      com.yufeng.repository.GoodsTypeRepository.flush:()V
      com.yufeng.repository.GoodsTypeRepository.getOne:(Ljava/io/Serializable;)Ljava/lang/Object;
      com.yufeng.repository.GoodsTypeRepository.save:(Ljava/lang/Iterable;)Ljava/lang/Iterable;
      com.yufeng.repository.GoodsTypeRepository.save:(Ljava/lang/Object;)Ljava/lang/Object;
      com.yufeng.repository.GoodsTypeRepository.saveAndFlush:(Ljava/lang/Object;)Ljava/lang/Object;
      
      No embedded Java database engines were detected.
      This will prevent Diffblue Cover from writing tests for repository classes.
      Spring supports HSQL, H2, and Derby.
      Please add one of these as a dependency to your project.
      Here are most recent versions of these libraries that are known to be
      compatible with Diffblue Cover:
      org.hsqldb:hsqldb:2.6.1
      com.h2database:h2:2.1.210
      org.apache.derby:derby:10.14.2.0
      Alternatively, if you are not interested in testing repository classes,
      they can be excluded using the '--exclude' option.
      
INFO  
INFO  E092: Missing embedded database engine
      No embedded Java database engines were detected.
      This will prevent Diffblue Cover from writing tests for repository classes.
      Spring supports HSQL, H2, and Derby.
      Please add one of these as a dependency to your project.
      Here are most recent versions of these libraries that are known to be
      compatible with Diffblue Cover:
      org.hsqldb:hsqldb:2.6.1
      com.h2database:h2:2.1.210
      org.apache.derby:derby:10.14.2.0
      Alternatively, if you are not interested in testing repository classes,
      they can be excluded using the '--exclude' option.
      
INFO  Affected methods:
      com.yufeng.repository.CustomerRepository.count:()J
      com.yufeng.repository.CustomerRepository.count:(Lorg/springframework/data/domain/Example;)J
      com.yufeng.repository.CustomerRepository.count:(Lorg/springframework/data/jpa/domain/Specification;)J
      com.yufeng.repository.CustomerRepository.delete:(Ljava/io/Serializable;)V
      com.yufeng.repository.CustomerRepository.delete:(Ljava/lang/Iterable;)V
      com.yufeng.repository.CustomerRepository.delete:(Ljava/lang/Object;)V
      com.yufeng.repository.CustomerRepository.deleteAll:()V
      com.yufeng.repository.CustomerRepository.deleteAllInBatch:()V
      com.yufeng.repository.CustomerRepository.deleteInBatch:(Ljava/lang/Iterable;)V
      com.yufeng.repository.CustomerRepository.exists:(Ljava/io/Serializable;)Z
      com.yufeng.repository.CustomerRepository.exists:(Lorg/springframework/data/domain/Example;)Z
      com.yufeng.repository.CustomerRepository.findAll:(Ljava/lang/Iterable;)Ljava/lang/Iterable;
      com.yufeng.repository.CustomerRepository.findAll:(Lorg/springframework/data/domain/Example;)Ljava/lang/Iterable;
      com.yufeng.repository.CustomerRepository.findAll:(Lorg/springframework/data/domain/Example;Lorg/springframework/data/domain/Pageable;)Lorg/springframework/data/domain/Page;
      com.yufeng.repository.CustomerRepository.findAll:(Lorg/springframework/data/domain/Example;Lorg/springframework/data/domain/Sort;)Ljava/lang/Iterable;
      com.yufeng.repository.CustomerRepository.findAll:(Lorg/springframework/data/domain/Pageable;)Lorg/springframework/data/domain/Page;
      com.yufeng.repository.CustomerRepository.findAll:(Lorg/springframework/data/domain/Sort;)Ljava/lang/Iterable;
      com.yufeng.repository.CustomerRepository.findAll:(Lorg/springframework/data/jpa/domain/Specification;)Ljava/util/List;
      com.yufeng.repository.CustomerRepository.findAll:(Lorg/springframework/data/jpa/domain/Specification;Lorg/springframework/data/domain/Pageable;)Lorg/springframework/data/domain/Page;
      com.yufeng.repository.CustomerRepository.findAll:(Lorg/springframework/data/jpa/domain/Specification;Lorg/springframework/data/domain/Sort;)Ljava/util/List;
      com.yufeng.repository.CustomerRepository.findByName:(Ljava/lang/String;)Ljava/util/List;
      com.yufeng.repository.CustomerRepository.findOne:(Ljava/io/Serializable;)Ljava/lang/Object;
      com.yufeng.repository.CustomerRepository.findOne:(Lorg/springframework/data/domain/Example;)Ljava/lang/Object;
      com.yufeng.repository.CustomerRepository.findOne:(Lorg/springframework/data/jpa/domain/Specification;)Ljava/lang/Object;
      com.yufeng.repository.CustomerRepository.flush:()V
      com.yufeng.repository.CustomerRepository.getOne:(Ljava/io/Serializable;)Ljava/lang/Object;
      com.yufeng.repository.CustomerRepository.save:(Ljava/lang/Iterable;)Ljava/lang/Iterable;
      com.yufeng.repository.CustomerRepository.save:(Ljava/lang/Object;)Ljava/lang/Object;
      com.yufeng.repository.CustomerRepository.saveAndFlush:(Ljava/lang/Object;)Ljava/lang/Object;
      
INFO  To resolve the issue, use the following prompt with your AI assistant:
      
      Fix the following issue preventing test creation for:
      com.yufeng.repository.CustomerRepository.count:()J
      com.yufeng.repository.CustomerRepository.count:(Lorg/springframework/data/domain/Example;)J
      com.yufeng.repository.CustomerRepository.count:(Lorg/springframework/data/jpa/domain/Specification;)J
      com.yufeng.repository.CustomerRepository.delete:(Ljava/io/Serializable;)V
      com.yufeng.repository.CustomerRepository.delete:(Ljava/lang/Iterable;)V
      com.yufeng.repository.CustomerRepository.delete:(Ljava/lang/Object;)V
      com.yufeng.repository.CustomerRepository.deleteAll:()V
      com.yufeng.repository.CustomerRepository.deleteAllInBatch:()V
      com.yufeng.repository.CustomerRepository.deleteInBatch:(Ljava/lang/Iterable;)V
      com.yufeng.repository.CustomerRepository.exists:(Ljava/io/Serializable;)Z
      com.yufeng.repository.CustomerRepository.exists:(Lorg/springframework/data/domain/Example;)Z
      com.yufeng.repository.CustomerRepository.findAll:(Ljava/lang/Iterable;)Ljava/lang/Iterable;
      com.yufeng.repository.CustomerRepository.findAll:(Lorg/springframework/data/domain/Example;)Ljava/lang/Iterable;
      com.yufeng.repository.CustomerRepository.findAll:(Lorg/springframework/data/domain/Example;Lorg/springframework/data/domain/Pageable;)Lorg/springframework/data/domain/Page;
      com.yufeng.repository.CustomerRepository.findAll:(Lorg/springframework/data/domain/Example;Lorg/springframework/data/domain/Sort;)Ljava/lang/Iterable;
      com.yufeng.repository.CustomerRepository.findAll:(Lorg/springframework/data/domain/Pageable;)Lorg/springframework/data/domain/Page;
      com.yufeng.repository.CustomerRepository.findAll:(Lorg/springframework/data/domain/Sort;)Ljava/lang/Iterable;
      com.yufeng.repository.CustomerRepository.findAll:(Lorg/springframework/data/jpa/domain/Specification;)Ljava/util/List;
      com.yufeng.repository.CustomerRepository.findAll:(Lorg/springframework/data/jpa/domain/Specification;Lorg/springframework/data/domain/Pageable;)Lorg/springframework/data/domain/Page;
      com.yufeng.repository.CustomerRepository.findAll:(Lorg/springframework/data/jpa/domain/Specification;Lorg/springframework/data/domain/Sort;)Ljava/util/List;
      com.yufeng.repository.CustomerRepository.findByName:(Ljava/lang/String;)Ljava/util/List;
      com.yufeng.repository.CustomerRepository.findOne:(Ljava/io/Serializable;)Ljava/lang/Object;
      com.yufeng.repository.CustomerRepository.findOne:(Lorg/springframework/data/domain/Example;)Ljava/lang/Object;
      com.yufeng.repository.CustomerRepository.findOne:(Lorg/springframework/data/jpa/domain/Specification;)Ljava/lang/Object;
      com.yufeng.repository.CustomerRepository.flush:()V
      com.yufeng.repository.CustomerRepository.getOne:(Ljava/io/Serializable;)Ljava/lang/Object;
      com.yufeng.repository.CustomerRepository.save:(Ljava/lang/Iterable;)Ljava/lang/Iterable;
      com.yufeng.repository.CustomerRepository.save:(Ljava/lang/Object;)Ljava/lang/Object;
      com.yufeng.repository.CustomerRepository.saveAndFlush:(Ljava/lang/Object;)Ljava/lang/Object;
      
      No embedded Java database engines were detected.
      This will prevent Diffblue Cover from writing tests for repository classes.
      Spring supports HSQL, H2, and Derby.
      Please add one of these as a dependency to your project.
      Here are most recent versions of these libraries that are known to be
      compatible with Diffblue Cover:
      org.hsqldb:hsqldb:2.6.1
      com.h2database:h2:2.1.210
      org.apache.derby:derby:10.14.2.0
      Alternatively, if you are not interested in testing repository classes,
      they can be excluded using the '--exclude' option.
      
INFO  
INFO  E092: Missing embedded database engine
      No embedded Java database engines were detected.
      This will prevent Diffblue Cover from writing tests for repository classes.
      Spring supports HSQL, H2, and Derby.
      Please add one of these as a dependency to your project.
      Here are most recent versions of these libraries that are known to be
      compatible with Diffblue Cover:
      org.hsqldb:hsqldb:2.6.1
      com.h2database:h2:2.1.210
      org.apache.derby:derby:10.14.2.0
      Alternatively, if you are not interested in testing repository classes,
      they can be excluded using the '--exclude' option.
      
INFO  Affected methods:
      com.yufeng.repository.CustomerReturnListGoodsRepository.count:()J
      com.yufeng.repository.CustomerReturnListGoodsRepository.count:(Lorg/springframework/data/domain/Example;)J
      com.yufeng.repository.CustomerReturnListGoodsRepository.count:(Lorg/springframework/data/jpa/domain/Specification;)J
      com.yufeng.repository.CustomerReturnListGoodsRepository.delete:(Ljava/io/Serializable;)V
      com.yufeng.repository.CustomerReturnListGoodsRepository.delete:(Ljava/lang/Iterable;)V
      com.yufeng.repository.CustomerReturnListGoodsRepository.delete:(Ljava/lang/Object;)V
      com.yufeng.repository.CustomerReturnListGoodsRepository.deleteAll:()V
      com.yufeng.repository.CustomerReturnListGoodsRepository.deleteAllInBatch:()V
      com.yufeng.repository.CustomerReturnListGoodsRepository.deleteByCustomerReturnListId:(Ljava/lang/Integer;)V
      com.yufeng.repository.CustomerReturnListGoodsRepository.deleteInBatch:(Ljava/lang/Iterable;)V
      com.yufeng.repository.CustomerReturnListGoodsRepository.exists:(Ljava/io/Serializable;)Z
      com.yufeng.repository.CustomerReturnListGoodsRepository.exists:(Lorg/springframework/data/domain/Example;)Z
      com.yufeng.repository.CustomerReturnListGoodsRepository.findAll:(Ljava/lang/Iterable;)Ljava/lang/Iterable;
      com.yufeng.repository.CustomerReturnListGoodsRepository.findAll:(Lorg/springframework/data/domain/Example;)Ljava/lang/Iterable;
      com.yufeng.repository.CustomerReturnListGoodsRepository.findAll:(Lorg/springframework/data/domain/Example;Lorg/springframework/data/domain/Pageable;)Lorg/springframework/data/domain/Page;
      com.yufeng.repository.CustomerReturnListGoodsRepository.findAll:(Lorg/springframework/data/domain/Example;Lorg/springframework/data/domain/Sort;)Ljava/lang/Iterable;
      com.yufeng.repository.CustomerReturnListGoodsRepository.findAll:(Lorg/springframework/data/domain/Pageable;)Lorg/springframework/data/domain/Page;
      com.yufeng.repository.CustomerReturnListGoodsRepository.findAll:(Lorg/springframework/data/domain/Sort;)Ljava/lang/Iterable;
      com.yufeng.repository.CustomerReturnListGoodsRepository.findAll:(Lorg/springframework/data/jpa/domain/Specification;)Ljava/util/List;
      com.yufeng.repository.CustomerReturnListGoodsRepository.findAll:(Lorg/springframework/data/jpa/domain/Specification;Lorg/springframework/data/domain/Pageable;)Lorg/springframework/data/domain/Page;
      com.yufeng.repository.CustomerReturnListGoodsRepository.findAll:(Lorg/springframework/data/jpa/domain/Specification;Lorg/springframework/data/domain/Sort;)Ljava/util/List;
      com.yufeng.repository.CustomerReturnListGoodsRepository.findOne:(Ljava/io/Serializable;)Ljava/lang/Object;
      com.yufeng.repository.CustomerReturnListGoodsRepository.findOne:(Lorg/springframework/data/domain/Example;)Ljava/lang/Object;
      com.yufeng.repository.CustomerReturnListGoodsRepository.findOne:(Lorg/springframework/data/jpa/domain/Specification;)Ljava/lang/Object;
      com.yufeng.repository.CustomerReturnListGoodsRepository.flush:()V
      com.yufeng.repository.CustomerReturnListGoodsRepository.getOne:(Ljava/io/Serializable;)Ljava/lang/Object;
      com.yufeng.repository.CustomerReturnListGoodsRepository.getTotalByGoodsId:(Ljava/lang/Integer;)Ljava/lang/Integer;
      com.yufeng.repository.CustomerReturnListGoodsRepository.listByCustomerReturnListId:(Ljava/lang/Integer;)Ljava/util/List;
      com.yufeng.repository.CustomerReturnListGoodsRepository.save:(Ljava/lang/Iterable;)Ljava/lang/Iterable;
      com.yufeng.repository.CustomerReturnListGoodsRepository.save:(Ljava/lang/Object;)Ljava/lang/Object;
      com.yufeng.repository.CustomerReturnListGoodsRepository.saveAndFlush:(Ljava/lang/Object;)Ljava/lang/Object;
      
INFO  To resolve the issue, use the following prompt with your AI assistant:
      
      Fix the following issue preventing test creation for:
      com.yufeng.repository.CustomerReturnListGoodsRepository.count:()J
      com.yufeng.repository.CustomerReturnListGoodsRepository.count:(Lorg/springframework/data/domain/Example;)J
      com.yufeng.repository.CustomerReturnListGoodsRepository.count:(Lorg/springframework/data/jpa/domain/Specification;)J
      com.yufeng.repository.CustomerReturnListGoodsRepository.delete:(Ljava/io/Serializable;)V
      com.yufeng.repository.CustomerReturnListGoodsRepository.delete:(Ljava/lang/Iterable;)V
      com.yufeng.repository.CustomerReturnListGoodsRepository.delete:(Ljava/lang/Object;)V
      com.yufeng.repository.CustomerReturnListGoodsRepository.deleteAll:()V
      com.yufeng.repository.CustomerReturnListGoodsRepository.deleteAllInBatch:()V
      com.yufeng.repository.CustomerReturnListGoodsRepository.deleteByCustomerReturnListId:(Ljava/lang/Integer;)V
      com.yufeng.repository.CustomerReturnListGoodsRepository.deleteInBatch:(Ljava/lang/Iterable;)V
      com.yufeng.repository.CustomerReturnListGoodsRepository.exists:(Ljava/io/Serializable;)Z
      com.yufeng.repository.CustomerReturnListGoodsRepository.exists:(Lorg/springframework/data/domain/Example;)Z
      com.yufeng.repository.CustomerReturnListGoodsRepository.findAll:(Ljava/lang/Iterable;)Ljava/lang/Iterable;
      com.yufeng.repository.CustomerReturnListGoodsRepository.findAll:(Lorg/springframework/data/domain/Example;)Ljava/lang/Iterable;
      com.yufeng.repository.CustomerReturnListGoodsRepository.findAll:(Lorg/springframework/data/domain/Example;Lorg/springframework/data/domain/Pageable;)Lorg/springframework/data/domain/Page;
      com.yufeng.repository.CustomerReturnListGoodsRepository.findAll:(Lorg/springframework/data/domain/Example;Lorg/springframework/data/domain/Sort;)Ljava/lang/Iterable;
      com.yufeng.repository.CustomerReturnListGoodsRepository.findAll:(Lorg/springframework/data/domain/Pageable;)Lorg/springframework/data/domain/Page;
      com.yufeng.repository.CustomerReturnListGoodsRepository.findAll:(Lorg/springframework/data/domain/Sort;)Ljava/lang/Iterable;
      com.yufeng.repository.CustomerReturnListGoodsRepository.findAll:(Lorg/springframework/data/jpa/domain/Specification;)Ljava/util/List;
      com.yufeng.repository.CustomerReturnListGoodsRepository.findAll:(Lorg/springframework/data/jpa/domain/Specification;Lorg/springframework/data/domain/Pageable;)Lorg/springframework/data/domain/Page;
      com.yufeng.repository.CustomerReturnListGoodsRepository.findAll:(Lorg/springframework/data/jpa/domain/Specification;Lorg/springframework/data/domain/Sort;)Ljava/util/List;
      com.yufeng.repository.CustomerReturnListGoodsRepository.findOne:(Ljava/io/Serializable;)Ljava/lang/Object;
      com.yufeng.repository.CustomerReturnListGoodsRepository.findOne:(Lorg/springframework/data/domain/Example;)Ljava/lang/Object;
      com.yufeng.repository.CustomerReturnListGoodsRepository.findOne:(Lorg/springframework/data/jpa/domain/Specification;)Ljava/lang/Object;
      com.yufeng.repository.CustomerReturnListGoodsRepository.flush:()V
      com.yufeng.repository.CustomerReturnListGoodsRepository.getOne:(Ljava/io/Serializable;)Ljava/lang/Object;
      com.yufeng.repository.CustomerReturnListGoodsRepository.getTotalByGoodsId:(Ljava/lang/Integer;)Ljava/lang/Integer;
      com.yufeng.repository.CustomerReturnListGoodsRepository.listByCustomerReturnListId:(Ljava/lang/Integer;)Ljava/util/List;
      com.yufeng.repository.CustomerReturnListGoodsRepository.save:(Ljava/lang/Iterable;)Ljava/lang/Iterable;
      com.yufeng.repository.CustomerReturnListGoodsRepository.save:(Ljava/lang/Object;)Ljava/lang/Object;
      com.yufeng.repository.CustomerReturnListGoodsRepository.saveAndFlush:(Ljava/lang/Object;)Ljava/lang/Object;
      
      No embedded Java database engines were detected.
      This will prevent Diffblue Cover from writing tests for repository classes.
      Spring supports HSQL, H2, and Derby.
      Please add one of these as a dependency to your project.
      Here are most recent versions of these libraries that are known to be
      compatible with Diffblue Cover:
      org.hsqldb:hsqldb:2.6.1
      com.h2database:h2:2.1.210
      org.apache.derby:derby:10.14.2.0
      Alternatively, if you are not interested in testing repository classes,
      they can be excluded using the '--exclude' option.
      
INFO  
INFO  E092: Missing embedded database engine
      No embedded Java database engines were detected.
      This will prevent Diffblue Cover from writing tests for repository classes.
      Spring supports HSQL, H2, and Derby.
      Please add one of these as a dependency to your project.
      Here are most recent versions of these libraries that are known to be
      compatible with Diffblue Cover:
      org.hsqldb:hsqldb:2.6.1
      com.h2database:h2:2.1.210
      org.apache.derby:derby:10.14.2.0
      Alternatively, if you are not interested in testing repository classes,
      they can be excluded using the '--exclude' option.
      
INFO  Affected methods:
      com.yufeng.repository.OverflowListRepository.count:()J
      com.yufeng.repository.OverflowListRepository.count:(Lorg/springframework/data/domain/Example;)J
      com.yufeng.repository.OverflowListRepository.count:(Lorg/springframework/data/jpa/domain/Specification;)J
      com.yufeng.repository.OverflowListRepository.delete:(Ljava/io/Serializable;)V
      com.yufeng.repository.OverflowListRepository.delete:(Ljava/lang/Iterable;)V
      com.yufeng.repository.OverflowListRepository.delete:(Ljava/lang/Object;)V
      com.yufeng.repository.OverflowListRepository.deleteAll:()V
      com.yufeng.repository.OverflowListRepository.deleteAllInBatch:()V
      com.yufeng.repository.OverflowListRepository.deleteInBatch:(Ljava/lang/Iterable;)V
      com.yufeng.repository.OverflowListRepository.exists:(Ljava/io/Serializable;)Z
      com.yufeng.repository.OverflowListRepository.exists:(Lorg/springframework/data/domain/Example;)Z
      com.yufeng.repository.OverflowListRepository.findAll:(Ljava/lang/Iterable;)Ljava/lang/Iterable;
      com.yufeng.repository.OverflowListRepository.findAll:(Lorg/springframework/data/domain/Example;)Ljava/lang/Iterable;
      com.yufeng.repository.OverflowListRepository.findAll:(Lorg/springframework/data/domain/Example;Lorg/springframework/data/domain/Pageable;)Lorg/springframework/data/domain/Page;
      com.yufeng.repository.OverflowListRepository.findAll:(Lorg/springframework/data/domain/Example;Lorg/springframework/data/domain/Sort;)Ljava/lang/Iterable;
      com.yufeng.repository.OverflowListRepository.findAll:(Lorg/springframework/data/domain/Pageable;)Lorg/springframework/data/domain/Page;
      com.yufeng.repository.OverflowListRepository.findAll:(Lorg/springframework/data/domain/Sort;)Ljava/lang/Iterable;
      com.yufeng.repository.OverflowListRepository.findAll:(Lorg/springframework/data/jpa/domain/Specification;)Ljava/util/List;
      com.yufeng.repository.OverflowListRepository.findAll:(Lorg/springframework/data/jpa/domain/Specification;Lorg/springframework/data/domain/Pageable;)Lorg/springframework/data/domain/Page;
      com.yufeng.repository.OverflowListRepository.findAll:(Lorg/springframework/data/jpa/domain/Specification;Lorg/springframework/data/domain/Sort;)Ljava/util/List;
      com.yufeng.repository.OverflowListRepository.findOne:(Ljava/io/Serializable;)Ljava/lang/Object;
      com.yufeng.repository.OverflowListRepository.findOne:(Lorg/springframework/data/domain/Example;)Ljava/lang/Object;
      com.yufeng.repository.OverflowListRepository.findOne:(Lorg/springframework/data/jpa/domain/Specification;)Ljava/lang/Object;
      com.yufeng.repository.OverflowListRepository.flush:()V
      com.yufeng.repository.OverflowListRepository.getOne:(Ljava/io/Serializable;)Ljava/lang/Object;
      com.yufeng.repository.OverflowListRepository.getTodayMaxOverflowNumber:()Ljava/lang/String;
      com.yufeng.repository.OverflowListRepository.save:(Ljava/lang/Iterable;)Ljava/lang/Iterable;
      com.yufeng.repository.OverflowListRepository.save:(Ljava/lang/Object;)Ljava/lang/Object;
      com.yufeng.repository.OverflowListRepository.saveAndFlush:(Ljava/lang/Object;)Ljava/lang/Object;
      
INFO  To resolve the issue, use the following prompt with your AI assistant:
      
      Fix the following issue preventing test creation for:
      com.yufeng.repository.OverflowListRepository.count:()J
      com.yufeng.repository.OverflowListRepository.count:(Lorg/springframework/data/domain/Example;)J
      com.yufeng.repository.OverflowListRepository.count:(Lorg/springframework/data/jpa/domain/Specification;)J
      com.yufeng.repository.OverflowListRepository.delete:(Ljava/io/Serializable;)V
      com.yufeng.repository.OverflowListRepository.delete:(Ljava/lang/Iterable;)V
      com.yufeng.repository.OverflowListRepository.delete:(Ljava/lang/Object;)V
      com.yufeng.repository.OverflowListRepository.deleteAll:()V
      com.yufeng.repository.OverflowListRepository.deleteAllInBatch:()V
      com.yufeng.repository.OverflowListRepository.deleteInBatch:(Ljava/lang/Iterable;)V
      com.yufeng.repository.OverflowListRepository.exists:(Ljava/io/Serializable;)Z
      com.yufeng.repository.OverflowListRepository.exists:(Lorg/springframework/data/domain/Example;)Z
      com.yufeng.repository.OverflowListRepository.findAll:(Ljava/lang/Iterable;)Ljava/lang/Iterable;
      com.yufeng.repository.OverflowListRepository.findAll:(Lorg/springframework/data/domain/Example;)Ljava/lang/Iterable;
      com.yufeng.repository.OverflowListRepository.findAll:(Lorg/springframework/data/domain/Example;Lorg/springframework/data/domain/Pageable;)Lorg/springframework/data/domain/Page;
      com.yufeng.repository.OverflowListRepository.findAll:(Lorg/springframework/data/domain/Example;Lorg/springframework/data/domain/Sort;)Ljava/lang/Iterable;
      com.yufeng.repository.OverflowListRepository.findAll:(Lorg/springframework/data/domain/Pageable;)Lorg/springframework/data/domain/Page;
      com.yufeng.repository.OverflowListRepository.findAll:(Lorg/springframework/data/domain/Sort;)Ljava/lang/Iterable;
      com.yufeng.repository.OverflowListRepository.findAll:(Lorg/springframework/data/jpa/domain/Specification;)Ljava/util/List;
      com.yufeng.repository.OverflowListRepository.findAll:(Lorg/springframework/data/jpa/domain/Specification;Lorg/springframework/data/domain/Pageable;)Lorg/springframework/data/domain/Page;
      com.yufeng.repository.OverflowListRepository.findAll:(Lorg/springframework/data/jpa/domain/Specification;Lorg/springframework/data/domain/Sort;)Ljava/util/List;
      com.yufeng.repository.OverflowListRepository.findOne:(Ljava/io/Serializable;)Ljava/lang/Object;
      com.yufeng.repository.OverflowListRepository.findOne:(Lorg/springframework/data/domain/Example;)Ljava/lang/Object;
      com.yufeng.repository.OverflowListRepository.findOne:(Lorg/springframework/data/jpa/domain/Specification;)Ljava/lang/Object;
      com.yufeng.repository.OverflowListRepository.flush:()V
      com.yufeng.repository.OverflowListRepository.getOne:(Ljava/io/Serializable;)Ljava/lang/Object;
      com.yufeng.repository.OverflowListRepository.getTodayMaxOverflowNumber:()Ljava/lang/String;
      com.yufeng.repository.OverflowListRepository.save:(Ljava/lang/Iterable;)Ljava/lang/Iterable;
      com.yufeng.repository.OverflowListRepository.save:(Ljava/lang/Object;)Ljava/lang/Object;
      com.yufeng.repository.OverflowListRepository.saveAndFlush:(Ljava/lang/Object;)Ljava/lang/Object;
      
      No embedded Java database engines were detected.
      This will prevent Diffblue Cover from writing tests for repository classes.
      Spring supports HSQL, H2, and Derby.
      Please add one of these as a dependency to your project.
      Here are most recent versions of these libraries that are known to be
      compatible with Diffblue Cover:
      org.hsqldb:hsqldb:2.6.1
      com.h2database:h2:2.1.210
      org.apache.derby:derby:10.14.2.0
      Alternatively, if you are not interested in testing repository classes,
      they can be excluded using the '--exclude' option.
      
INFO  
INFO  E092: Missing embedded database engine
      No embedded Java database engines were detected.
      This will prevent Diffblue Cover from writing tests for repository classes.
      Spring supports HSQL, H2, and Derby.
      Please add one of these as a dependency to your project.
      Here are most recent versions of these libraries that are known to be
      compatible with Diffblue Cover:
      org.hsqldb:hsqldb:2.6.1
      com.h2database:h2:2.1.210
      org.apache.derby:derby:10.14.2.0
      Alternatively, if you are not interested in testing repository classes,
      they can be excluded using the '--exclude' option.
      
INFO  Affected methods:
      com.yufeng.repository.GoodsRepository.count:()J
      com.yufeng.repository.GoodsRepository.count:(Lorg/springframework/data/domain/Example;)J
      com.yufeng.repository.GoodsRepository.count:(Lorg/springframework/data/jpa/domain/Specification;)J
      com.yufeng.repository.GoodsRepository.delete:(Ljava/io/Serializable;)V
      com.yufeng.repository.GoodsRepository.delete:(Ljava/lang/Iterable;)V
      com.yufeng.repository.GoodsRepository.delete:(Ljava/lang/Object;)V
      com.yufeng.repository.GoodsRepository.deleteAll:()V
      com.yufeng.repository.GoodsRepository.deleteAllInBatch:()V
      com.yufeng.repository.GoodsRepository.deleteInBatch:(Ljava/lang/Iterable;)V
      com.yufeng.repository.GoodsRepository.exists:(Ljava/io/Serializable;)Z
      com.yufeng.repository.GoodsRepository.exists:(Lorg/springframework/data/domain/Example;)Z
      com.yufeng.repository.GoodsRepository.findAll:(Ljava/lang/Iterable;)Ljava/lang/Iterable;
      com.yufeng.repository.GoodsRepository.findAll:(Lorg/springframework/data/domain/Example;)Ljava/lang/Iterable;
      com.yufeng.repository.GoodsRepository.findAll:(Lorg/springframework/data/domain/Example;Lorg/springframework/data/domain/Pageable;)Lorg/springframework/data/domain/Page;
      com.yufeng.repository.GoodsRepository.findAll:(Lorg/springframework/data/domain/Example;Lorg/springframework/data/domain/Sort;)Ljava/lang/Iterable;
      com.yufeng.repository.GoodsRepository.findAll:(Lorg/springframework/data/domain/Pageable;)Lorg/springframework/data/domain/Page;
      com.yufeng.repository.GoodsRepository.findAll:(Lorg/springframework/data/domain/Sort;)Ljava/lang/Iterable;
      com.yufeng.repository.GoodsRepository.findAll:(Lorg/springframework/data/jpa/domain/Specification;)Ljava/util/List;
      com.yufeng.repository.GoodsRepository.findAll:(Lorg/springframework/data/jpa/domain/Specification;Lorg/springframework/data/domain/Pageable;)Lorg/springframework/data/domain/Page;
      com.yufeng.repository.GoodsRepository.findAll:(Lorg/springframework/data/jpa/domain/Specification;Lorg/springframework/data/domain/Sort;)Ljava/util/List;
      com.yufeng.repository.GoodsRepository.findOne:(Ljava/io/Serializable;)Ljava/lang/Object;
      com.yufeng.repository.GoodsRepository.findOne:(Lorg/springframework/data/domain/Example;)Ljava/lang/Object;
      com.yufeng.repository.GoodsRepository.findOne:(Lorg/springframework/data/jpa/domain/Specification;)Ljava/lang/Object;
      com.yufeng.repository.GoodsRepository.flush:()V
      com.yufeng.repository.GoodsRepository.getMaxGoodsCode:()Ljava/lang/String;
      com.yufeng.repository.GoodsRepository.getOne:(Ljava/io/Serializable;)Ljava/lang/Object;
      com.yufeng.repository.GoodsRepository.listAlarm:()Ljava/util/List;
      com.yufeng.repository.GoodsRepository.save:(Ljava/lang/Iterable;)Ljava/lang/Iterable;
      com.yufeng.repository.GoodsRepository.save:(Ljava/lang/Object;)Ljava/lang/Object;
      com.yufeng.repository.GoodsRepository.saveAndFlush:(Ljava/lang/Object;)Ljava/lang/Object;
      
INFO  To resolve the issue, use the following prompt with your AI assistant:
      
      Fix the following issue preventing test creation for:
      com.yufeng.repository.GoodsRepository.count:()J
      com.yufeng.repository.GoodsRepository.count:(Lorg/springframework/data/domain/Example;)J
      com.yufeng.repository.GoodsRepository.count:(Lorg/springframework/data/jpa/domain/Specification;)J
      com.yufeng.repository.GoodsRepository.delete:(Ljava/io/Serializable;)V
      com.yufeng.repository.GoodsRepository.delete:(Ljava/lang/Iterable;)V
      com.yufeng.repository.GoodsRepository.delete:(Ljava/lang/Object;)V
      com.yufeng.repository.GoodsRepository.deleteAll:()V
      com.yufeng.repository.GoodsRepository.deleteAllInBatch:()V
      com.yufeng.repository.GoodsRepository.deleteInBatch:(Ljava/lang/Iterable;)V
      com.yufeng.repository.GoodsRepository.exists:(Ljava/io/Serializable;)Z
      com.yufeng.repository.GoodsRepository.exists:(Lorg/springframework/data/domain/Example;)Z
      com.yufeng.repository.GoodsRepository.findAll:(Ljava/lang/Iterable;)Ljava/lang/Iterable;
      com.yufeng.repository.GoodsRepository.findAll:(Lorg/springframework/data/domain/Example;)Ljava/lang/Iterable;
      com.yufeng.repository.GoodsRepository.findAll:(Lorg/springframework/data/domain/Example;Lorg/springframework/data/domain/Pageable;)Lorg/springframework/data/domain/Page;
      com.yufeng.repository.GoodsRepository.findAll:(Lorg/springframework/data/domain/Example;Lorg/springframework/data/domain/Sort;)Ljava/lang/Iterable;
      com.yufeng.repository.GoodsRepository.findAll:(Lorg/springframework/data/domain/Pageable;)Lorg/springframework/data/domain/Page;
      com.yufeng.repository.GoodsRepository.findAll:(Lorg/springframework/data/domain/Sort;)Ljava/lang/Iterable;
      com.yufeng.repository.GoodsRepository.findAll:(Lorg/springframework/data/jpa/domain/Specification;)Ljava/util/List;
      com.yufeng.repository.GoodsRepository.findAll:(Lorg/springframework/data/jpa/domain/Specification;Lorg/springframework/data/domain/Pageable;)Lorg/springframework/data/domain/Page;
      com.yufeng.repository.GoodsRepository.findAll:(Lorg/springframework/data/jpa/domain/Specification;Lorg/springframework/data/domain/Sort;)Ljava/util/List;
      com.yufeng.repository.GoodsRepository.findOne:(Ljava/io/Serializable;)Ljava/lang/Object;
      com.yufeng.repository.GoodsRepository.findOne:(Lorg/springframework/data/domain/Example;)Ljava/lang/Object;
      com.yufeng.repository.GoodsRepository.findOne:(Lorg/springframework/data/jpa/domain/Specification;)Ljava/lang/Object;
      com.yufeng.repository.GoodsRepository.flush:()V
      com.yufeng.repository.GoodsRepository.getMaxGoodsCode:()Ljava/lang/String;
      com.yufeng.repository.GoodsRepository.getOne:(Ljava/io/Serializable;)Ljava/lang/Object;
      com.yufeng.repository.GoodsRepository.listAlarm:()Ljava/util/List;
      com.yufeng.repository.GoodsRepository.save:(Ljava/lang/Iterable;)Ljava/lang/Iterable;
      com.yufeng.repository.GoodsRepository.save:(Ljava/lang/Object;)Ljava/lang/Object;
      com.yufeng.repository.GoodsRepository.saveAndFlush:(Ljava/lang/Object;)Ljava/lang/Object;
      
      No embedded Java database engines were detected.
      This will prevent Diffblue Cover from writing tests for repository classes.
      Spring supports HSQL, H2, and Derby.
      Please add one of these as a dependency to your project.
      Here are most recent versions of these libraries that are known to be
      compatible with Diffblue Cover:
      org.hsqldb:hsqldb:2.6.1
      com.h2database:h2:2.1.210
      org.apache.derby:derby:10.14.2.0
      Alternatively, if you are not interested in testing repository classes,
      they can be excluded using the '--exclude' option.
      
INFO  
INFO  E092: Missing embedded database engine
      No embedded Java database engines were detected.
      This will prevent Diffblue Cover from writing tests for repository classes.
      Spring supports HSQL, H2, and Derby.
      Please add one of these as a dependency to your project.
      Here are most recent versions of these libraries that are known to be
      compatible with Diffblue Cover:
      org.hsqldb:hsqldb:2.6.1
      com.h2database:h2:2.1.210
      org.apache.derby:derby:10.14.2.0
      Alternatively, if you are not interested in testing repository classes,
      they can be excluded using the '--exclude' option.
      
INFO  Affected methods:
      com.yufeng.repository.DamageListGoodsRepository.count:()J
      com.yufeng.repository.DamageListGoodsRepository.count:(Lorg/springframework/data/domain/Example;)J
      com.yufeng.repository.DamageListGoodsRepository.count:(Lorg/springframework/data/jpa/domain/Specification;)J
      com.yufeng.repository.DamageListGoodsRepository.delete:(Ljava/io/Serializable;)V
      com.yufeng.repository.DamageListGoodsRepository.delete:(Ljava/lang/Iterable;)V
      com.yufeng.repository.DamageListGoodsRepository.delete:(Ljava/lang/Object;)V
      com.yufeng.repository.DamageListGoodsRepository.deleteAll:()V
      com.yufeng.repository.DamageListGoodsRepository.deleteAllInBatch:()V
      com.yufeng.repository.DamageListGoodsRepository.deleteByDamageListId:(Ljava/lang/Integer;)V
      com.yufeng.repository.DamageListGoodsRepository.deleteInBatch:(Ljava/lang/Iterable;)V
      com.yufeng.repository.DamageListGoodsRepository.exists:(Ljava/io/Serializable;)Z
      com.yufeng.repository.DamageListGoodsRepository.exists:(Lorg/springframework/data/domain/Example;)Z
      com.yufeng.repository.DamageListGoodsRepository.findAll:(Ljava/lang/Iterable;)Ljava/lang/Iterable;
      com.yufeng.repository.DamageListGoodsRepository.findAll:(Lorg/springframework/data/domain/Example;)Ljava/lang/Iterable;
      com.yufeng.repository.DamageListGoodsRepository.findAll:(Lorg/springframework/data/domain/Example;Lorg/springframework/data/domain/Pageable;)Lorg/springframework/data/domain/Page;
      com.yufeng.repository.DamageListGoodsRepository.findAll:(Lorg/springframework/data/domain/Example;Lorg/springframework/data/domain/Sort;)Ljava/lang/Iterable;
      com.yufeng.repository.DamageListGoodsRepository.findAll:(Lorg/springframework/data/domain/Pageable;)Lorg/springframework/data/domain/Page;
      com.yufeng.repository.DamageListGoodsRepository.findAll:(Lorg/springframework/data/domain/Sort;)Ljava/lang/Iterable;
      com.yufeng.repository.DamageListGoodsRepository.findAll:(Lorg/springframework/data/jpa/domain/Specification;)Ljava/util/List;
      com.yufeng.repository.DamageListGoodsRepository.findAll:(Lorg/springframework/data/jpa/domain/Specification;Lorg/springframework/data/domain/Pageable;)Lorg/springframework/data/domain/Page;
      com.yufeng.repository.DamageListGoodsRepository.findAll:(Lorg/springframework/data/jpa/domain/Specification;Lorg/springframework/data/domain/Sort;)Ljava/util/List;
      com.yufeng.repository.DamageListGoodsRepository.findOne:(Ljava/io/Serializable;)Ljava/lang/Object;
      com.yufeng.repository.DamageListGoodsRepository.findOne:(Lorg/springframework/data/domain/Example;)Ljava/lang/Object;
      com.yufeng.repository.DamageListGoodsRepository.findOne:(Lorg/springframework/data/jpa/domain/Specification;)Ljava/lang/Object;
      com.yufeng.repository.DamageListGoodsRepository.flush:()V
      com.yufeng.repository.DamageListGoodsRepository.getOne:(Ljava/io/Serializable;)Ljava/lang/Object;
      com.yufeng.repository.DamageListGoodsRepository.listByDamageListId:(Ljava/lang/Integer;)Ljava/util/List;
      com.yufeng.repository.DamageListGoodsRepository.save:(Ljava/lang/Iterable;)Ljava/lang/Iterable;
      com.yufeng.repository.DamageListGoodsRepository.save:(Ljava/lang/Object;)Ljava/lang/Object;
      com.yufeng.repository.DamageListGoodsRepository.saveAndFlush:(Ljava/lang/Object;)Ljava/lang/Object;
      
INFO  To resolve the issue, use the following prompt with your AI assistant:
      
      Fix the following issue preventing test creation for:
      com.yufeng.repository.DamageListGoodsRepository.count:()J
      com.yufeng.repository.DamageListGoodsRepository.count:(Lorg/springframework/data/domain/Example;)J
      com.yufeng.repository.DamageListGoodsRepository.count:(Lorg/springframework/data/jpa/domain/Specification;)J
      com.yufeng.repository.DamageListGoodsRepository.delete:(Ljava/io/Serializable;)V
      com.yufeng.repository.DamageListGoodsRepository.delete:(Ljava/lang/Iterable;)V
      com.yufeng.repository.DamageListGoodsRepository.delete:(Ljava/lang/Object;)V
      com.yufeng.repository.DamageListGoodsRepository.deleteAll:()V
      com.yufeng.repository.DamageListGoodsRepository.deleteAllInBatch:()V
      com.yufeng.repository.DamageListGoodsRepository.deleteByDamageListId:(Ljava/lang/Integer;)V
      com.yufeng.repository.DamageListGoodsRepository.deleteInBatch:(Ljava/lang/Iterable;)V
      com.yufeng.repository.DamageListGoodsRepository.exists:(Ljava/io/Serializable;)Z
      com.yufeng.repository.DamageListGoodsRepository.exists:(Lorg/springframework/data/domain/Example;)Z
      com.yufeng.repository.DamageListGoodsRepository.findAll:(Ljava/lang/Iterable;)Ljava/lang/Iterable;
      com.yufeng.repository.DamageListGoodsRepository.findAll:(Lorg/springframework/data/domain/Example;)Ljava/lang/Iterable;
      com.yufeng.repository.DamageListGoodsRepository.findAll:(Lorg/springframework/data/domain/Example;Lorg/springframework/data/domain/Pageable;)Lorg/springframework/data/domain/Page;
      com.yufeng.repository.DamageListGoodsRepository.findAll:(Lorg/springframework/data/domain/Example;Lorg/springframework/data/domain/Sort;)Ljava/lang/Iterable;
      com.yufeng.repository.DamageListGoodsRepository.findAll:(Lorg/springframework/data/domain/Pageable;)Lorg/springframework/data/domain/Page;
      com.yufeng.repository.DamageListGoodsRepository.findAll:(Lorg/springframework/data/domain/Sort;)Ljava/lang/Iterable;
      com.yufeng.repository.DamageListGoodsRepository.findAll:(Lorg/springframework/data/jpa/domain/Specification;)Ljava/util/List;
      com.yufeng.repository.DamageListGoodsRepository.findAll:(Lorg/springframework/data/jpa/domain/Specification;Lorg/springframework/data/domain/Pageable;)Lorg/springframework/data/domain/Page;
      com.yufeng.repository.DamageListGoodsRepository.findAll:(Lorg/springframework/data/jpa/domain/Specification;Lorg/springframework/data/domain/Sort;)Ljava/util/List;
      com.yufeng.repository.DamageListGoodsRepository.findOne:(Ljava/io/Serializable;)Ljava/lang/Object;
      com.yufeng.repository.DamageListGoodsRepository.findOne:(Lorg/springframework/data/domain/Example;)Ljava/lang/Object;
      com.yufeng.repository.DamageListGoodsRepository.findOne:(Lorg/springframework/data/jpa/domain/Specification;)Ljava/lang/Object;
      com.yufeng.repository.DamageListGoodsRepository.flush:()V
      com.yufeng.repository.DamageListGoodsRepository.getOne:(Ljava/io/Serializable;)Ljava/lang/Object;
      com.yufeng.repository.DamageListGoodsRepository.listByDamageListId:(Ljava/lang/Integer;)Ljava/util/List;
      com.yufeng.repository.DamageListGoodsRepository.save:(Ljava/lang/Iterable;)Ljava/lang/Iterable;
      com.yufeng.repository.DamageListGoodsRepository.save:(Ljava/lang/Object;)Ljava/lang/Object;
      com.yufeng.repository.DamageListGoodsRepository.saveAndFlush:(Ljava/lang/Object;)Ljava/lang/Object;
      
      No embedded Java database engines were detected.
      This will prevent Diffblue Cover from writing tests for repository classes.
      Spring supports HSQL, H2, and Derby.
      Please add one of these as a dependency to your project.
      Here are most recent versions of these libraries that are known to be
      compatible with Diffblue Cover:
      org.hsqldb:hsqldb:2.6.1
      com.h2database:h2:2.1.210
      org.apache.derby:derby:10.14.2.0
      Alternatively, if you are not interested in testing repository classes,
      they can be excluded using the '--exclude' option.
      
INFO  
INFO  E092: Missing embedded database engine
      No embedded Java database engines were detected.
      This will prevent Diffblue Cover from writing tests for repository classes.
      Spring supports HSQL, H2, and Derby.
      Please add one of these as a dependency to your project.
      Here are most recent versions of these libraries that are known to be
      compatible with Diffblue Cover:
      org.hsqldb:hsqldb:2.6.1
      com.h2database:h2:2.1.210
      org.apache.derby:derby:10.14.2.0
      Alternatively, if you are not interested in testing repository classes,
      they can be excluded using the '--exclude' option.
      
INFO  Affected methods:
      com.yufeng.repository.UserRepository.count:()J
      com.yufeng.repository.UserRepository.count:(Lorg/springframework/data/domain/Example;)J
      com.yufeng.repository.UserRepository.count:(Lorg/springframework/data/jpa/domain/Specification;)J
      com.yufeng.repository.UserRepository.delete:(Ljava/io/Serializable;)V
      com.yufeng.repository.UserRepository.delete:(Ljava/lang/Iterable;)V
      com.yufeng.repository.UserRepository.delete:(Ljava/lang/Object;)V
      com.yufeng.repository.UserRepository.deleteAll:()V
      com.yufeng.repository.UserRepository.deleteAllInBatch:()V
      com.yufeng.repository.UserRepository.deleteInBatch:(Ljava/lang/Iterable;)V
      com.yufeng.repository.UserRepository.exists:(Ljava/io/Serializable;)Z
      com.yufeng.repository.UserRepository.exists:(Lorg/springframework/data/domain/Example;)Z
      com.yufeng.repository.UserRepository.findAll:(Ljava/lang/Iterable;)Ljava/lang/Iterable;
      com.yufeng.repository.UserRepository.findAll:(Lorg/springframework/data/domain/Example;)Ljava/lang/Iterable;
      com.yufeng.repository.UserRepository.findAll:(Lorg/springframework/data/domain/Example;Lorg/springframework/data/domain/Pageable;)Lorg/springframework/data/domain/Page;
      com.yufeng.repository.UserRepository.findAll:(Lorg/springframework/data/domain/Example;Lorg/springframework/data/domain/Sort;)Ljava/lang/Iterable;
      com.yufeng.repository.UserRepository.findAll:(Lorg/springframework/data/domain/Pageable;)Lorg/springframework/data/domain/Page;
      com.yufeng.repository.UserRepository.findAll:(Lorg/springframework/data/domain/Sort;)Ljava/lang/Iterable;
      com.yufeng.repository.UserRepository.findAll:(Lorg/springframework/data/jpa/domain/Specification;)Ljava/util/List;
      com.yufeng.repository.UserRepository.findAll:(Lorg/springframework/data/jpa/domain/Specification;Lorg/springframework/data/domain/Pageable;)Lorg/springframework/data/domain/Page;
      com.yufeng.repository.UserRepository.findAll:(Lorg/springframework/data/jpa/domain/Specification;Lorg/springframework/data/domain/Sort;)Ljava/util/List;
      com.yufeng.repository.UserRepository.findByUserName:(Ljava/lang/String;)Lcom/yufeng/entity/User;
      com.yufeng.repository.UserRepository.findOne:(Ljava/io/Serializable;)Ljava/lang/Object;
      com.yufeng.repository.UserRepository.findOne:(Lorg/springframework/data/domain/Example;)Ljava/lang/Object;
      com.yufeng.repository.UserRepository.findOne:(Lorg/springframework/data/jpa/domain/Specification;)Ljava/lang/Object;
      com.yufeng.repository.UserRepository.flush:()V
      com.yufeng.repository.UserRepository.getOne:(Ljava/io/Serializable;)Ljava/lang/Object;
      com.yufeng.repository.UserRepository.save:(Ljava/lang/Iterable;)Ljava/lang/Iterable;
      com.yufeng.repository.UserRepository.save:(Ljava/lang/Object;)Ljava/lang/Object;
      com.yufeng.repository.UserRepository.saveAndFlush:(Ljava/lang/Object;)Ljava/lang/Object;
      
INFO  To resolve the issue, use the following prompt with your AI assistant:
      
      Fix the following issue preventing test creation for:
      com.yufeng.repository.UserRepository.count:()J
      com.yufeng.repository.UserRepository.count:(Lorg/springframework/data/domain/Example;)J
      com.yufeng.repository.UserRepository.count:(Lorg/springframework/data/jpa/domain/Specification;)J
      com.yufeng.repository.UserRepository.delete:(Ljava/io/Serializable;)V
      com.yufeng.repository.UserRepository.delete:(Ljava/lang/Iterable;)V
      com.yufeng.repository.UserRepository.delete:(Ljava/lang/Object;)V
      com.yufeng.repository.UserRepository.deleteAll:()V
      com.yufeng.repository.UserRepository.deleteAllInBatch:()V
      com.yufeng.repository.UserRepository.deleteInBatch:(Ljava/lang/Iterable;)V
      com.yufeng.repository.UserRepository.exists:(Ljava/io/Serializable;)Z
      com.yufeng.repository.UserRepository.exists:(Lorg/springframework/data/domain/Example;)Z
      com.yufeng.repository.UserRepository.findAll:(Ljava/lang/Iterable;)Ljava/lang/Iterable;
      com.yufeng.repository.UserRepository.findAll:(Lorg/springframework/data/domain/Example;)Ljava/lang/Iterable;
      com.yufeng.repository.UserRepository.findAll:(Lorg/springframework/data/domain/Example;Lorg/springframework/data/domain/Pageable;)Lorg/springframework/data/domain/Page;
      com.yufeng.repository.UserRepository.findAll:(Lorg/springframework/data/domain/Example;Lorg/springframework/data/domain/Sort;)Ljava/lang/Iterable;
      com.yufeng.repository.UserRepository.findAll:(Lorg/springframework/data/domain/Pageable;)Lorg/springframework/data/domain/Page;
      com.yufeng.repository.UserRepository.findAll:(Lorg/springframework/data/domain/Sort;)Ljava/lang/Iterable;
      com.yufeng.repository.UserRepository.findAll:(Lorg/springframework/data/jpa/domain/Specification;)Ljava/util/List;
      com.yufeng.repository.UserRepository.findAll:(Lorg/springframework/data/jpa/domain/Specification;Lorg/springframework/data/domain/Pageable;)Lorg/springframework/data/domain/Page;
      com.yufeng.repository.UserRepository.findAll:(Lorg/springframework/data/jpa/domain/Specification;Lorg/springframework/data/domain/Sort;)Ljava/util/List;
      com.yufeng.repository.UserRepository.findByUserName:(Ljava/lang/String;)Lcom/yufeng/entity/User;
      com.yufeng.repository.UserRepository.findOne:(Ljava/io/Serializable;)Ljava/lang/Object;
      com.yufeng.repository.UserRepository.findOne:(Lorg/springframework/data/domain/Example;)Ljava/lang/Object;
      com.yufeng.repository.UserRepository.findOne:(Lorg/springframework/data/jpa/domain/Specification;)Ljava/lang/Object;
      com.yufeng.repository.UserRepository.flush:()V
      com.yufeng.repository.UserRepository.getOne:(Ljava/io/Serializable;)Ljava/lang/Object;
      com.yufeng.repository.UserRepository.save:(Ljava/lang/Iterable;)Ljava/lang/Iterable;
      com.yufeng.repository.UserRepository.save:(Ljava/lang/Object;)Ljava/lang/Object;
      com.yufeng.repository.UserRepository.saveAndFlush:(Ljava/lang/Object;)Ljava/lang/Object;
      
      No embedded Java database engines were detected.
      This will prevent Diffblue Cover from writing tests for repository classes.
      Spring supports HSQL, H2, and Derby.
      Please add one of these as a dependency to your project.
      Here are most recent versions of these libraries that are known to be
      compatible with Diffblue Cover:
      org.hsqldb:hsqldb:2.6.1
      com.h2database:h2:2.1.210
      org.apache.derby:derby:10.14.2.0
      Alternatively, if you are not interested in testing repository classes,
      they can be excluded using the '--exclude' option.
      
INFO  
INFO  E092: Missing embedded database engine
      No embedded Java database engines were detected.
      This will prevent Diffblue Cover from writing tests for repository classes.
      Spring supports HSQL, H2, and Derby.
      Please add one of these as a dependency to your project.
      Here are most recent versions of these libraries that are known to be
      compatible with Diffblue Cover:
      org.hsqldb:hsqldb:2.6.1
      com.h2database:h2:2.1.210
      org.apache.derby:derby:10.14.2.0
      Alternatively, if you are not interested in testing repository classes,
      they can be excluded using the '--exclude' option.
      
INFO  Affected methods:
      com.yufeng.repository.MenuRepository.count:()J
      com.yufeng.repository.MenuRepository.count:(Lorg/springframework/data/domain/Example;)J
      com.yufeng.repository.MenuRepository.delete:(Ljava/io/Serializable;)V
      com.yufeng.repository.MenuRepository.delete:(Ljava/lang/Iterable;)V
      com.yufeng.repository.MenuRepository.delete:(Ljava/lang/Object;)V
      com.yufeng.repository.MenuRepository.deleteAll:()V
      com.yufeng.repository.MenuRepository.deleteAllInBatch:()V
      com.yufeng.repository.MenuRepository.deleteInBatch:(Ljava/lang/Iterable;)V
      com.yufeng.repository.MenuRepository.exists:(Ljava/io/Serializable;)Z
      com.yufeng.repository.MenuRepository.exists:(Lorg/springframework/data/domain/Example;)Z
      com.yufeng.repository.MenuRepository.findAll:(Ljava/lang/Iterable;)Ljava/lang/Iterable;
      com.yufeng.repository.MenuRepository.findAll:(Lorg/springframework/data/domain/Example;)Ljava/lang/Iterable;
      com.yufeng.repository.MenuRepository.findAll:(Lorg/springframework/data/domain/Example;Lorg/springframework/data/domain/Pageable;)Lorg/springframework/data/domain/Page;
      com.yufeng.repository.MenuRepository.findAll:(Lorg/springframework/data/domain/Example;Lorg/springframework/data/domain/Sort;)Ljava/lang/Iterable;
      com.yufeng.repository.MenuRepository.findAll:(Lorg/springframework/data/domain/Pageable;)Lorg/springframework/data/domain/Page;
      com.yufeng.repository.MenuRepository.findAll:(Lorg/springframework/data/domain/Sort;)Ljava/lang/Iterable;
      com.yufeng.repository.MenuRepository.findByParentId:(I)Ljava/util/List;
      com.yufeng.repository.MenuRepository.findByParentIdAndRoleId:(II)Ljava/util/List;
      com.yufeng.repository.MenuRepository.findByRoleId:(I)Ljava/util/List;
      com.yufeng.repository.MenuRepository.findOne:(Ljava/io/Serializable;)Ljava/lang/Object;
      com.yufeng.repository.MenuRepository.findOne:(Lorg/springframework/data/domain/Example;)Ljava/lang/Object;
      com.yufeng.repository.MenuRepository.flush:()V
      com.yufeng.repository.MenuRepository.getOne:(Ljava/io/Serializable;)Ljava/lang/Object;
      com.yufeng.repository.MenuRepository.save:(Ljava/lang/Iterable;)Ljava/lang/Iterable;
      com.yufeng.repository.MenuRepository.save:(Ljava/lang/Object;)Ljava/lang/Object;
      com.yufeng.repository.MenuRepository.saveAndFlush:(Ljava/lang/Object;)Ljava/lang/Object;
      
INFO  To resolve the issue, use the following prompt with your AI assistant:
      
      Fix the following issue preventing test creation for:
      com.yufeng.repository.MenuRepository.count:()J
      com.yufeng.repository.MenuRepository.count:(Lorg/springframework/data/domain/Example;)J
      com.yufeng.repository.MenuRepository.delete:(Ljava/io/Serializable;)V
      com.yufeng.repository.MenuRepository.delete:(Ljava/lang/Iterable;)V
      com.yufeng.repository.MenuRepository.delete:(Ljava/lang/Object;)V
      com.yufeng.repository.MenuRepository.deleteAll:()V
      com.yufeng.repository.MenuRepository.deleteAllInBatch:()V
      com.yufeng.repository.MenuRepository.deleteInBatch:(Ljava/lang/Iterable;)V
      com.yufeng.repository.MenuRepository.exists:(Ljava/io/Serializable;)Z
      com.yufeng.repository.MenuRepository.exists:(Lorg/springframework/data/domain/Example;)Z
      com.yufeng.repository.MenuRepository.findAll:(Ljava/lang/Iterable;)Ljava/lang/Iterable;
      com.yufeng.repository.MenuRepository.findAll:(Lorg/springframework/data/domain/Example;)Ljava/lang/Iterable;
      com.yufeng.repository.MenuRepository.findAll:(Lorg/springframework/data/domain/Example;Lorg/springframework/data/domain/Pageable;)Lorg/springframework/data/domain/Page;
      com.yufeng.repository.MenuRepository.findAll:(Lorg/springframework/data/domain/Example;Lorg/springframework/data/domain/Sort;)Ljava/lang/Iterable;
      com.yufeng.repository.MenuRepository.findAll:(Lorg/springframework/data/domain/Pageable;)Lorg/springframework/data/domain/Page;
      com.yufeng.repository.MenuRepository.findAll:(Lorg/springframework/data/domain/Sort;)Ljava/lang/Iterable;
      com.yufeng.repository.MenuRepository.findByParentId:(I)Ljava/util/List;
      com.yufeng.repository.MenuRepository.findByParentIdAndRoleId:(II)Ljava/util/List;
      com.yufeng.repository.MenuRepository.findByRoleId:(I)Ljava/util/List;
      com.yufeng.repository.MenuRepository.findOne:(Ljava/io/Serializable;)Ljava/lang/Object;
      com.yufeng.repository.MenuRepository.findOne:(Lorg/springframework/data/domain/Example;)Ljava/lang/Object;
      com.yufeng.repository.MenuRepository.flush:()V
      com.yufeng.repository.MenuRepository.getOne:(Ljava/io/Serializable;)Ljava/lang/Object;
      com.yufeng.repository.MenuRepository.save:(Ljava/lang/Iterable;)Ljava/lang/Iterable;
      com.yufeng.repository.MenuRepository.save:(Ljava/lang/Object;)Ljava/lang/Object;
      com.yufeng.repository.MenuRepository.saveAndFlush:(Ljava/lang/Object;)Ljava/lang/Object;
      
      No embedded Java database engines were detected.
      This will prevent Diffblue Cover from writing tests for repository classes.
      Spring supports HSQL, H2, and Derby.
      Please add one of these as a dependency to your project.
      Here are most recent versions of these libraries that are known to be
      compatible with Diffblue Cover:
      org.hsqldb:hsqldb:2.6.1
      com.h2database:h2:2.1.210
      org.apache.derby:derby:10.14.2.0
      Alternatively, if you are not interested in testing repository classes,
      they can be excluded using the '--exclude' option.
      
INFO  
INFO  E092: Missing embedded database engine
      No embedded Java database engines were detected.
      This will prevent Diffblue Cover from writing tests for repository classes.
      Spring supports HSQL, H2, and Derby.
      Please add one of these as a dependency to your project.
      Here are most recent versions of these libraries that are known to be
      compatible with Diffblue Cover:
      org.hsqldb:hsqldb:2.6.1
      com.h2database:h2:2.1.210
      org.apache.derby:derby:10.14.2.0
      Alternatively, if you are not interested in testing repository classes,
      they can be excluded using the '--exclude' option.
      
INFO  Affected methods:
      com.yufeng.repository.ReturnListRepository.count:()J
      com.yufeng.repository.ReturnListRepository.count:(Lorg/springframework/data/domain/Example;)J
      com.yufeng.repository.ReturnListRepository.count:(Lorg/springframework/data/jpa/domain/Specification;)J
      com.yufeng.repository.ReturnListRepository.delete:(Ljava/io/Serializable;)V
      com.yufeng.repository.ReturnListRepository.delete:(Ljava/lang/Iterable;)V
      com.yufeng.repository.ReturnListRepository.delete:(Ljava/lang/Object;)V
      com.yufeng.repository.ReturnListRepository.deleteAll:()V
      com.yufeng.repository.ReturnListRepository.deleteAllInBatch:()V
      com.yufeng.repository.ReturnListRepository.deleteInBatch:(Ljava/lang/Iterable;)V
      com.yufeng.repository.ReturnListRepository.exists:(Ljava/io/Serializable;)Z
      com.yufeng.repository.ReturnListRepository.exists:(Lorg/springframework/data/domain/Example;)Z
      com.yufeng.repository.ReturnListRepository.findAll:(Ljava/lang/Iterable;)Ljava/lang/Iterable;
      com.yufeng.repository.ReturnListRepository.findAll:(Lorg/springframework/data/domain/Example;)Ljava/lang/Iterable;
      com.yufeng.repository.ReturnListRepository.findAll:(Lorg/springframework/data/domain/Example;Lorg/springframework/data/domain/Pageable;)Lorg/springframework/data/domain/Page;
      com.yufeng.repository.ReturnListRepository.findAll:(Lorg/springframework/data/domain/Example;Lorg/springframework/data/domain/Sort;)Ljava/lang/Iterable;
      com.yufeng.repository.ReturnListRepository.findAll:(Lorg/springframework/data/domain/Pageable;)Lorg/springframework/data/domain/Page;
      com.yufeng.repository.ReturnListRepository.findAll:(Lorg/springframework/data/domain/Sort;)Ljava/lang/Iterable;
      com.yufeng.repository.ReturnListRepository.findAll:(Lorg/springframework/data/jpa/domain/Specification;)Ljava/util/List;
      com.yufeng.repository.ReturnListRepository.findAll:(Lorg/springframework/data/jpa/domain/Specification;Lorg/springframework/data/domain/Pageable;)Lorg/springframework/data/domain/Page;
      com.yufeng.repository.ReturnListRepository.findAll:(Lorg/springframework/data/jpa/domain/Specification;Lorg/springframework/data/domain/Sort;)Ljava/util/List;
      com.yufeng.repository.ReturnListRepository.findOne:(Ljava/io/Serializable;)Ljava/lang/Object;
      com.yufeng.repository.ReturnListRepository.findOne:(Lorg/springframework/data/domain/Example;)Ljava/lang/Object;
      com.yufeng.repository.ReturnListRepository.findOne:(Lorg/springframework/data/jpa/domain/Specification;)Ljava/lang/Object;
      com.yufeng.repository.ReturnListRepository.flush:()V
      com.yufeng.repository.ReturnListRepository.getOne:(Ljava/io/Serializable;)Ljava/lang/Object;
      com.yufeng.repository.ReturnListRepository.getTodayMaxReturnNumber:()Ljava/lang/String;
      com.yufeng.repository.ReturnListRepository.save:(Ljava/lang/Iterable;)Ljava/lang/Iterable;
      com.yufeng.repository.ReturnListRepository.save:(Ljava/lang/Object;)Ljava/lang/Object;
      com.yufeng.repository.ReturnListRepository.saveAndFlush:(Ljava/lang/Object;)Ljava/lang/Object;
      
INFO  To resolve the issue, use the following prompt with your AI assistant:
      
      Fix the following issue preventing test creation for:
      com.yufeng.repository.ReturnListRepository.count:()J
      com.yufeng.repository.ReturnListRepository.count:(Lorg/springframework/data/domain/Example;)J
      com.yufeng.repository.ReturnListRepository.count:(Lorg/springframework/data/jpa/domain/Specification;)J
      com.yufeng.repository.ReturnListRepository.delete:(Ljava/io/Serializable;)V
      com.yufeng.repository.ReturnListRepository.delete:(Ljava/lang/Iterable;)V
      com.yufeng.repository.ReturnListRepository.delete:(Ljava/lang/Object;)V
      com.yufeng.repository.ReturnListRepository.deleteAll:()V
      com.yufeng.repository.ReturnListRepository.deleteAllInBatch:()V
      com.yufeng.repository.ReturnListRepository.deleteInBatch:(Ljava/lang/Iterable;)V
      com.yufeng.repository.ReturnListRepository.exists:(Ljava/io/Serializable;)Z
      com.yufeng.repository.ReturnListRepository.exists:(Lorg/springframework/data/domain/Example;)Z
      com.yufeng.repository.ReturnListRepository.findAll:(Ljava/lang/Iterable;)Ljava/lang/Iterable;
      com.yufeng.repository.ReturnListRepository.findAll:(Lorg/springframework/data/domain/Example;)Ljava/lang/Iterable;
      com.yufeng.repository.ReturnListRepository.findAll:(Lorg/springframework/data/domain/Example;Lorg/springframework/data/domain/Pageable;)Lorg/springframework/data/domain/Page;
      com.yufeng.repository.ReturnListRepository.findAll:(Lorg/springframework/data/domain/Example;Lorg/springframework/data/domain/Sort;)Ljava/lang/Iterable;
      com.yufeng.repository.ReturnListRepository.findAll:(Lorg/springframework/data/domain/Pageable;)Lorg/springframework/data/domain/Page;
      com.yufeng.repository.ReturnListRepository.findAll:(Lorg/springframework/data/domain/Sort;)Ljava/lang/Iterable;
      com.yufeng.repository.ReturnListRepository.findAll:(Lorg/springframework/data/jpa/domain/Specification;)Ljava/util/List;
      com.yufeng.repository.ReturnListRepository.findAll:(Lorg/springframework/data/jpa/domain/Specification;Lorg/springframework/data/domain/Pageable;)Lorg/springframework/data/domain/Page;
      com.yufeng.repository.ReturnListRepository.findAll:(Lorg/springframework/data/jpa/domain/Specification;Lorg/springframework/data/domain/Sort;)Ljava/util/List;
      com.yufeng.repository.ReturnListRepository.findOne:(Ljava/io/Serializable;)Ljava/lang/Object;
      com.yufeng.repository.ReturnListRepository.findOne:(Lorg/springframework/data/domain/Example;)Ljava/lang/Object;
      com.yufeng.repository.ReturnListRepository.findOne:(Lorg/springframework/data/jpa/domain/Specification;)Ljava/lang/Object;
      com.yufeng.repository.ReturnListRepository.flush:()V
      com.yufeng.repository.ReturnListRepository.getOne:(Ljava/io/Serializable;)Ljava/lang/Object;
      com.yufeng.repository.ReturnListRepository.getTodayMaxReturnNumber:()Ljava/lang/String;
      com.yufeng.repository.ReturnListRepository.save:(Ljava/lang/Iterable;)Ljava/lang/Iterable;
      com.yufeng.repository.ReturnListRepository.save:(Ljava/lang/Object;)Ljava/lang/Object;
      com.yufeng.repository.ReturnListRepository.saveAndFlush:(Ljava/lang/Object;)Ljava/lang/Object;
      
      No embedded Java database engines were detected.
      This will prevent Diffblue Cover from writing tests for repository classes.
      Spring supports HSQL, H2, and Derby.
      Please add one of these as a dependency to your project.
      Here are most recent versions of these libraries that are known to be
      compatible with Diffblue Cover:
      org.hsqldb:hsqldb:2.6.1
      com.h2database:h2:2.1.210
      org.apache.derby:derby:10.14.2.0
      Alternatively, if you are not interested in testing repository classes,
      they can be excluded using the '--exclude' option.
      
INFO  
INFO  E092: Missing embedded database engine
      No embedded Java database engines were detected.
      This will prevent Diffblue Cover from writing tests for repository classes.
      Spring supports HSQL, H2, and Derby.
      Please add one of these as a dependency to your project.
      Here are most recent versions of these libraries that are known to be
      compatible with Diffblue Cover:
      org.hsqldb:hsqldb:2.6.1
      com.h2database:h2:2.1.210
      org.apache.derby:derby:10.14.2.0
      Alternatively, if you are not interested in testing repository classes,
      they can be excluded using the '--exclude' option.
      
INFO  Affected methods:
      com.yufeng.repository.DamageListRepository.count:()J
      com.yufeng.repository.DamageListRepository.count:(Lorg/springframework/data/domain/Example;)J
      com.yufeng.repository.DamageListRepository.count:(Lorg/springframework/data/jpa/domain/Specification;)J
      com.yufeng.repository.DamageListRepository.delete:(Ljava/io/Serializable;)V
      com.yufeng.repository.DamageListRepository.delete:(Ljava/lang/Iterable;)V
      com.yufeng.repository.DamageListRepository.delete:(Ljava/lang/Object;)V
      com.yufeng.repository.DamageListRepository.deleteAll:()V
      com.yufeng.repository.DamageListRepository.deleteAllInBatch:()V
      com.yufeng.repository.DamageListRepository.deleteInBatch:(Ljava/lang/Iterable;)V
      com.yufeng.repository.DamageListRepository.exists:(Ljava/io/Serializable;)Z
      com.yufeng.repository.DamageListRepository.exists:(Lorg/springframework/data/domain/Example;)Z
      com.yufeng.repository.DamageListRepository.findAll:(Ljava/lang/Iterable;)Ljava/lang/Iterable;
      com.yufeng.repository.DamageListRepository.findAll:(Lorg/springframework/data/domain/Example;)Ljava/lang/Iterable;
      com.yufeng.repository.DamageListRepository.findAll:(Lorg/springframework/data/domain/Example;Lorg/springframework/data/domain/Pageable;)Lorg/springframework/data/domain/Page;
      com.yufeng.repository.DamageListRepository.findAll:(Lorg/springframework/data/domain/Example;Lorg/springframework/data/domain/Sort;)Ljava/lang/Iterable;
      com.yufeng.repository.DamageListRepository.findAll:(Lorg/springframework/data/domain/Pageable;)Lorg/springframework/data/domain/Page;
      com.yufeng.repository.DamageListRepository.findAll:(Lorg/springframework/data/domain/Sort;)Ljava/lang/Iterable;
      com.yufeng.repository.DamageListRepository.findAll:(Lorg/springframework/data/jpa/domain/Specification;)Ljava/util/List;
      com.yufeng.repository.DamageListRepository.findAll:(Lorg/springframework/data/jpa/domain/Specification;Lorg/springframework/data/domain/Pageable;)Lorg/springframework/data/domain/Page;
      com.yufeng.repository.DamageListRepository.findAll:(Lorg/springframework/data/jpa/domain/Specification;Lorg/springframework/data/domain/Sort;)Ljava/util/List;
      com.yufeng.repository.DamageListRepository.findOne:(Ljava/io/Serializable;)Ljava/lang/Object;
      com.yufeng.repository.DamageListRepository.findOne:(Lorg/springframework/data/domain/Example;)Ljava/lang/Object;
      com.yufeng.repository.DamageListRepository.findOne:(Lorg/springframework/data/jpa/domain/Specification;)Ljava/lang/Object;
      com.yufeng.repository.DamageListRepository.flush:()V
      com.yufeng.repository.DamageListRepository.getOne:(Ljava/io/Serializable;)Ljava/lang/Object;
      com.yufeng.repository.DamageListRepository.getTodayMaxDamageNumber:()Ljava/lang/String;
      com.yufeng.repository.DamageListRepository.save:(Ljava/lang/Iterable;)Ljava/lang/Iterable;
      com.yufeng.repository.DamageListRepository.save:(Ljava/lang/Object;)Ljava/lang/Object;
      com.yufeng.repository.DamageListRepository.saveAndFlush:(Ljava/lang/Object;)Ljava/lang/Object;
      
INFO  To resolve the issue, use the following prompt with your AI assistant:
      
      Fix the following issue preventing test creation for:
      com.yufeng.repository.DamageListRepository.count:()J
      com.yufeng.repository.DamageListRepository.count:(Lorg/springframework/data/domain/Example;)J
      com.yufeng.repository.DamageListRepository.count:(Lorg/springframework/data/jpa/domain/Specification;)J
      com.yufeng.repository.DamageListRepository.delete:(Ljava/io/Serializable;)V
      com.yufeng.repository.DamageListRepository.delete:(Ljava/lang/Iterable;)V
      com.yufeng.repository.DamageListRepository.delete:(Ljava/lang/Object;)V
      com.yufeng.repository.DamageListRepository.deleteAll:()V
      com.yufeng.repository.DamageListRepository.deleteAllInBatch:()V
      com.yufeng.repository.DamageListRepository.deleteInBatch:(Ljava/lang/Iterable;)V
      com.yufeng.repository.DamageListRepository.exists:(Ljava/io/Serializable;)Z
      com.yufeng.repository.DamageListRepository.exists:(Lorg/springframework/data/domain/Example;)Z
      com.yufeng.repository.DamageListRepository.findAll:(Ljava/lang/Iterable;)Ljava/lang/Iterable;
      com.yufeng.repository.DamageListRepository.findAll:(Lorg/springframework/data/domain/Example;)Ljava/lang/Iterable;
      com.yufeng.repository.DamageListRepository.findAll:(Lorg/springframework/data/domain/Example;Lorg/springframework/data/domain/Pageable;)Lorg/springframework/data/domain/Page;
      com.yufeng.repository.DamageListRepository.findAll:(Lorg/springframework/data/domain/Example;Lorg/springframework/data/domain/Sort;)Ljava/lang/Iterable;
      com.yufeng.repository.DamageListRepository.findAll:(Lorg/springframework/data/domain/Pageable;)Lorg/springframework/data/domain/Page;
      com.yufeng.repository.DamageListRepository.findAll:(Lorg/springframework/data/domain/Sort;)Ljava/lang/Iterable;
      com.yufeng.repository.DamageListRepository.findAll:(Lorg/springframework/data/jpa/domain/Specification;)Ljava/util/List;
      com.yufeng.repository.DamageListRepository.findAll:(Lorg/springframework/data/jpa/domain/Specification;Lorg/springframework/data/domain/Pageable;)Lorg/springframework/data/domain/Page;
      com.yufeng.repository.DamageListRepository.findAll:(Lorg/springframework/data/jpa/domain/Specification;Lorg/springframework/data/domain/Sort;)Ljava/util/List;
      com.yufeng.repository.DamageListRepository.findOne:(Ljava/io/Serializable;)Ljava/lang/Object;
      com.yufeng.repository.DamageListRepository.findOne:(Lorg/springframework/data/domain/Example;)Ljava/lang/Object;
      com.yufeng.repository.DamageListRepository.findOne:(Lorg/springframework/data/jpa/domain/Specification;)Ljava/lang/Object;
      com.yufeng.repository.DamageListRepository.flush:()V
      com.yufeng.repository.DamageListRepository.getOne:(Ljava/io/Serializable;)Ljava/lang/Object;
      com.yufeng.repository.DamageListRepository.getTodayMaxDamageNumber:()Ljava/lang/String;
      com.yufeng.repository.DamageListRepository.save:(Ljava/lang/Iterable;)Ljava/lang/Iterable;
      com.yufeng.repository.DamageListRepository.save:(Ljava/lang/Object;)Ljava/lang/Object;
      com.yufeng.repository.DamageListRepository.saveAndFlush:(Ljava/lang/Object;)Ljava/lang/Object;
      
      No embedded Java database engines were detected.
      This will prevent Diffblue Cover from writing tests for repository classes.
      Spring supports HSQL, H2, and Derby.
      Please add one of these as a dependency to your project.
      Here are most recent versions of these libraries that are known to be
      compatible with Diffblue Cover:
      org.hsqldb:hsqldb:2.6.1
      com.h2database:h2:2.1.210
      org.apache.derby:derby:10.14.2.0
      Alternatively, if you are not interested in testing repository classes,
      they can be excluded using the '--exclude' option.
      
INFO  
INFO  E092: Missing embedded database engine
      No embedded Java database engines were detected.
      This will prevent Diffblue Cover from writing tests for repository classes.
      Spring supports HSQL, H2, and Derby.
      Please add one of these as a dependency to your project.
      Here are most recent versions of these libraries that are known to be
      compatible with Diffblue Cover:
      org.hsqldb:hsqldb:2.6.1
      com.h2database:h2:2.1.210
      org.apache.derby:derby:10.14.2.0
      Alternatively, if you are not interested in testing repository classes,
      they can be excluded using the '--exclude' option.
      
INFO  Affected methods:
      com.yufeng.repository.ReturnListGoodsRepository.count:()J
      com.yufeng.repository.ReturnListGoodsRepository.count:(Lorg/springframework/data/domain/Example;)J
      com.yufeng.repository.ReturnListGoodsRepository.count:(Lorg/springframework/data/jpa/domain/Specification;)J
      com.yufeng.repository.ReturnListGoodsRepository.delete:(Ljava/io/Serializable;)V
      com.yufeng.repository.ReturnListGoodsRepository.delete:(Ljava/lang/Iterable;)V
      com.yufeng.repository.ReturnListGoodsRepository.delete:(Ljava/lang/Object;)V
      com.yufeng.repository.ReturnListGoodsRepository.deleteAll:()V
      com.yufeng.repository.ReturnListGoodsRepository.deleteAllInBatch:()V
      com.yufeng.repository.ReturnListGoodsRepository.deleteByReturnListId:(Ljava/lang/Integer;)V
      com.yufeng.repository.ReturnListGoodsRepository.deleteInBatch:(Ljava/lang/Iterable;)V
      com.yufeng.repository.ReturnListGoodsRepository.exists:(Ljava/io/Serializable;)Z
      com.yufeng.repository.ReturnListGoodsRepository.exists:(Lorg/springframework/data/domain/Example;)Z
      com.yufeng.repository.ReturnListGoodsRepository.findAll:(Ljava/lang/Iterable;)Ljava/lang/Iterable;
      com.yufeng.repository.ReturnListGoodsRepository.findAll:(Lorg/springframework/data/domain/Example;)Ljava/lang/Iterable;
      com.yufeng.repository.ReturnListGoodsRepository.findAll:(Lorg/springframework/data/domain/Example;Lorg/springframework/data/domain/Pageable;)Lorg/springframework/data/domain/Page;
      com.yufeng.repository.ReturnListGoodsRepository.findAll:(Lorg/springframework/data/domain/Example;Lorg/springframework/data/domain/Sort;)Ljava/lang/Iterable;
      com.yufeng.repository.ReturnListGoodsRepository.findAll:(Lorg/springframework/data/domain/Pageable;)Lorg/springframework/data/domain/Page;
      com.yufeng.repository.ReturnListGoodsRepository.findAll:(Lorg/springframework/data/domain/Sort;)Ljava/lang/Iterable;
      com.yufeng.repository.ReturnListGoodsRepository.findAll:(Lorg/springframework/data/jpa/domain/Specification;)Ljava/util/List;
      com.yufeng.repository.ReturnListGoodsRepository.findAll:(Lorg/springframework/data/jpa/domain/Specification;Lorg/springframework/data/domain/Pageable;)Lorg/springframework/data/domain/Page;
      com.yufeng.repository.ReturnListGoodsRepository.findAll:(Lorg/springframework/data/jpa/domain/Specification;Lorg/springframework/data/domain/Sort;)Ljava/util/List;
      com.yufeng.repository.ReturnListGoodsRepository.findOne:(Ljava/io/Serializable;)Ljava/lang/Object;
      com.yufeng.repository.ReturnListGoodsRepository.findOne:(Lorg/springframework/data/domain/Example;)Ljava/lang/Object;
      com.yufeng.repository.ReturnListGoodsRepository.findOne:(Lorg/springframework/data/jpa/domain/Specification;)Ljava/lang/Object;
      com.yufeng.repository.ReturnListGoodsRepository.flush:()V
      com.yufeng.repository.ReturnListGoodsRepository.getOne:(Ljava/io/Serializable;)Ljava/lang/Object;
      com.yufeng.repository.ReturnListGoodsRepository.listByReturnListId:(Ljava/lang/Integer;)Ljava/util/List;
      com.yufeng.repository.ReturnListGoodsRepository.save:(Ljava/lang/Iterable;)Ljava/lang/Iterable;
      com.yufeng.repository.ReturnListGoodsRepository.save:(Ljava/lang/Object;)Ljava/lang/Object;
      com.yufeng.repository.ReturnListGoodsRepository.saveAndFlush:(Ljava/lang/Object;)Ljava/lang/Object;
      
INFO  To resolve the issue, use the following prompt with your AI assistant:
      
      Fix the following issue preventing test creation for:
      com.yufeng.repository.ReturnListGoodsRepository.count:()J
      com.yufeng.repository.ReturnListGoodsRepository.count:(Lorg/springframework/data/domain/Example;)J
      com.yufeng.repository.ReturnListGoodsRepository.count:(Lorg/springframework/data/jpa/domain/Specification;)J
      com.yufeng.repository.ReturnListGoodsRepository.delete:(Ljava/io/Serializable;)V
      com.yufeng.repository.ReturnListGoodsRepository.delete:(Ljava/lang/Iterable;)V
      com.yufeng.repository.ReturnListGoodsRepository.delete:(Ljava/lang/Object;)V
      com.yufeng.repository.ReturnListGoodsRepository.deleteAll:()V
      com.yufeng.repository.ReturnListGoodsRepository.deleteAllInBatch:()V
      com.yufeng.repository.ReturnListGoodsRepository.deleteByReturnListId:(Ljava/lang/Integer;)V
      com.yufeng.repository.ReturnListGoodsRepository.deleteInBatch:(Ljava/lang/Iterable;)V
      com.yufeng.repository.ReturnListGoodsRepository.exists:(Ljava/io/Serializable;)Z
      com.yufeng.repository.ReturnListGoodsRepository.exists:(Lorg/springframework/data/domain/Example;)Z
      com.yufeng.repository.ReturnListGoodsRepository.findAll:(Ljava/lang/Iterable;)Ljava/lang/Iterable;
      com.yufeng.repository.ReturnListGoodsRepository.findAll:(Lorg/springframework/data/domain/Example;)Ljava/lang/Iterable;
      com.yufeng.repository.ReturnListGoodsRepository.findAll:(Lorg/springframework/data/domain/Example;Lorg/springframework/data/domain/Pageable;)Lorg/springframework/data/domain/Page;
      com.yufeng.repository.ReturnListGoodsRepository.findAll:(Lorg/springframework/data/domain/Example;Lorg/springframework/data/domain/Sort;)Ljava/lang/Iterable;
      com.yufeng.repository.ReturnListGoodsRepository.findAll:(Lorg/springframework/data/domain/Pageable;)Lorg/springframework/data/domain/Page;
      com.yufeng.repository.ReturnListGoodsRepository.findAll:(Lorg/springframework/data/domain/Sort;)Ljava/lang/Iterable;
      com.yufeng.repository.ReturnListGoodsRepository.findAll:(Lorg/springframework/data/jpa/domain/Specification;)Ljava/util/List;
      com.yufeng.repository.ReturnListGoodsRepository.findAll:(Lorg/springframework/data/jpa/domain/Specification;Lorg/springframework/data/domain/Pageable;)Lorg/springframework/data/domain/Page;
      com.yufeng.repository.ReturnListGoodsRepository.findAll:(Lorg/springframework/data/jpa/domain/Specification;Lorg/springframework/data/domain/Sort;)Ljava/util/List;
      com.yufeng.repository.ReturnListGoodsRepository.findOne:(Ljava/io/Serializable;)Ljava/lang/Object;
      com.yufeng.repository.ReturnListGoodsRepository.findOne:(Lorg/springframework/data/domain/Example;)Ljava/lang/Object;
      com.yufeng.repository.ReturnListGoodsRepository.findOne:(Lorg/springframework/data/jpa/domain/Specification;)Ljava/lang/Object;
      com.yufeng.repository.ReturnListGoodsRepository.flush:()V
      com.yufeng.repository.ReturnListGoodsRepository.getOne:(Ljava/io/Serializable;)Ljava/lang/Object;
      com.yufeng.repository.ReturnListGoodsRepository.listByReturnListId:(Ljava/lang/Integer;)Ljava/util/List;
      com.yufeng.repository.ReturnListGoodsRepository.save:(Ljava/lang/Iterable;)Ljava/lang/Iterable;
      com.yufeng.repository.ReturnListGoodsRepository.save:(Ljava/lang/Object;)Ljava/lang/Object;
      com.yufeng.repository.ReturnListGoodsRepository.saveAndFlush:(Ljava/lang/Object;)Ljava/lang/Object;
      
      No embedded Java database engines were detected.
      This will prevent Diffblue Cover from writing tests for repository classes.
      Spring supports HSQL, H2, and Derby.
      Please add one of these as a dependency to your project.
      Here are most recent versions of these libraries that are known to be
      compatible with Diffblue Cover:
      org.hsqldb:hsqldb:2.6.1
      com.h2database:h2:2.1.210
      org.apache.derby:derby:10.14.2.0
      Alternatively, if you are not interested in testing repository classes,
      they can be excluded using the '--exclude' option.
      
INFO  
INFO  E092: Missing embedded database engine
      No embedded Java database engines were detected.
      This will prevent Diffblue Cover from writing tests for repository classes.
      Spring supports HSQL, H2, and Derby.
      Please add one of these as a dependency to your project.
      Here are most recent versions of these libraries that are known to be
      compatible with Diffblue Cover:
      org.hsqldb:hsqldb:2.6.1
      com.h2database:h2:2.1.210
      org.apache.derby:derby:10.14.2.0
      Alternatively, if you are not interested in testing repository classes,
      they can be excluded using the '--exclude' option.
      
INFO  Affected methods:
      com.yufeng.repository.PurchaseListGoodsRepository.count:()J
      com.yufeng.repository.PurchaseListGoodsRepository.count:(Lorg/springframework/data/domain/Example;)J
      com.yufeng.repository.PurchaseListGoodsRepository.count:(Lorg/springframework/data/jpa/domain/Specification;)J
      com.yufeng.repository.PurchaseListGoodsRepository.delete:(Ljava/io/Serializable;)V
      com.yufeng.repository.PurchaseListGoodsRepository.delete:(Ljava/lang/Iterable;)V
      com.yufeng.repository.PurchaseListGoodsRepository.delete:(Ljava/lang/Object;)V
      com.yufeng.repository.PurchaseListGoodsRepository.deleteAll:()V
      com.yufeng.repository.PurchaseListGoodsRepository.deleteAllInBatch:()V
      com.yufeng.repository.PurchaseListGoodsRepository.deleteByPurchaseListId:(Ljava/lang/Integer;)V
      com.yufeng.repository.PurchaseListGoodsRepository.deleteInBatch:(Ljava/lang/Iterable;)V
      com.yufeng.repository.PurchaseListGoodsRepository.exists:(Ljava/io/Serializable;)Z
      com.yufeng.repository.PurchaseListGoodsRepository.exists:(Lorg/springframework/data/domain/Example;)Z
      com.yufeng.repository.PurchaseListGoodsRepository.findAll:(Ljava/lang/Iterable;)Ljava/lang/Iterable;
      com.yufeng.repository.PurchaseListGoodsRepository.findAll:(Lorg/springframework/data/domain/Example;)Ljava/lang/Iterable;
      com.yufeng.repository.PurchaseListGoodsRepository.findAll:(Lorg/springframework/data/domain/Example;Lorg/springframework/data/domain/Pageable;)Lorg/springframework/data/domain/Page;
      com.yufeng.repository.PurchaseListGoodsRepository.findAll:(Lorg/springframework/data/domain/Example;Lorg/springframework/data/domain/Sort;)Ljava/lang/Iterable;
      com.yufeng.repository.PurchaseListGoodsRepository.findAll:(Lorg/springframework/data/domain/Pageable;)Lorg/springframework/data/domain/Page;
      com.yufeng.repository.PurchaseListGoodsRepository.findAll:(Lorg/springframework/data/domain/Sort;)Ljava/lang/Iterable;
      com.yufeng.repository.PurchaseListGoodsRepository.findAll:(Lorg/springframework/data/jpa/domain/Specification;)Ljava/util/List;
      com.yufeng.repository.PurchaseListGoodsRepository.findAll:(Lorg/springframework/data/jpa/domain/Specification;Lorg/springframework/data/domain/Pageable;)Lorg/springframework/data/domain/Page;
      com.yufeng.repository.PurchaseListGoodsRepository.findAll:(Lorg/springframework/data/jpa/domain/Specification;Lorg/springframework/data/domain/Sort;)Ljava/util/List;
      com.yufeng.repository.PurchaseListGoodsRepository.findOne:(Ljava/io/Serializable;)Ljava/lang/Object;
      com.yufeng.repository.PurchaseListGoodsRepository.findOne:(Lorg/springframework/data/domain/Example;)Ljava/lang/Object;
      com.yufeng.repository.PurchaseListGoodsRepository.findOne:(Lorg/springframework/data/jpa/domain/Specification;)Ljava/lang/Object;
      com.yufeng.repository.PurchaseListGoodsRepository.flush:()V
      com.yufeng.repository.PurchaseListGoodsRepository.getOne:(Ljava/io/Serializable;)Ljava/lang/Object;
      com.yufeng.repository.PurchaseListGoodsRepository.listByPurchaseListId:(Ljava/lang/Integer;)Ljava/util/List;
      com.yufeng.repository.PurchaseListGoodsRepository.save:(Ljava/lang/Iterable;)Ljava/lang/Iterable;
      com.yufeng.repository.PurchaseListGoodsRepository.save:(Ljava/lang/Object;)Ljava/lang/Object;
      com.yufeng.repository.PurchaseListGoodsRepository.saveAndFlush:(Ljava/lang/Object;)Ljava/lang/Object;
      
INFO  To resolve the issue, use the following prompt with your AI assistant:
      
      Fix the following issue preventing test creation for:
      com.yufeng.repository.PurchaseListGoodsRepository.count:()J
      com.yufeng.repository.PurchaseListGoodsRepository.count:(Lorg/springframework/data/domain/Example;)J
      com.yufeng.repository.PurchaseListGoodsRepository.count:(Lorg/springframework/data/jpa/domain/Specification;)J
      com.yufeng.repository.PurchaseListGoodsRepository.delete:(Ljava/io/Serializable;)V
      com.yufeng.repository.PurchaseListGoodsRepository.delete:(Ljava/lang/Iterable;)V
      com.yufeng.repository.PurchaseListGoodsRepository.delete:(Ljava/lang/Object;)V
      com.yufeng.repository.PurchaseListGoodsRepository.deleteAll:()V
      com.yufeng.repository.PurchaseListGoodsRepository.deleteAllInBatch:()V
      com.yufeng.repository.PurchaseListGoodsRepository.deleteByPurchaseListId:(Ljava/lang/Integer;)V
      com.yufeng.repository.PurchaseListGoodsRepository.deleteInBatch:(Ljava/lang/Iterable;)V
      com.yufeng.repository.PurchaseListGoodsRepository.exists:(Ljava/io/Serializable;)Z
      com.yufeng.repository.PurchaseListGoodsRepository.exists:(Lorg/springframework/data/domain/Example;)Z
      com.yufeng.repository.PurchaseListGoodsRepository.findAll:(Ljava/lang/Iterable;)Ljava/lang/Iterable;
      com.yufeng.repository.PurchaseListGoodsRepository.findAll:(Lorg/springframework/data/domain/Example;)Ljava/lang/Iterable;
      com.yufeng.repository.PurchaseListGoodsRepository.findAll:(Lorg/springframework/data/domain/Example;Lorg/springframework/data/domain/Pageable;)Lorg/springframework/data/domain/Page;
      com.yufeng.repository.PurchaseListGoodsRepository.findAll:(Lorg/springframework/data/domain/Example;Lorg/springframework/data/domain/Sort;)Ljava/lang/Iterable;
      com.yufeng.repository.PurchaseListGoodsRepository.findAll:(Lorg/springframework/data/domain/Pageable;)Lorg/springframework/data/domain/Page;
      com.yufeng.repository.PurchaseListGoodsRepository.findAll:(Lorg/springframework/data/domain/Sort;)Ljava/lang/Iterable;
      com.yufeng.repository.PurchaseListGoodsRepository.findAll:(Lorg/springframework/data/jpa/domain/Specification;)Ljava/util/List;
      com.yufeng.repository.PurchaseListGoodsRepository.findAll:(Lorg/springframework/data/jpa/domain/Specification;Lorg/springframework/data/domain/Pageable;)Lorg/springframework/data/domain/Page;
      com.yufeng.repository.PurchaseListGoodsRepository.findAll:(Lorg/springframework/data/jpa/domain/Specification;Lorg/springframework/data/domain/Sort;)Ljava/util/List;
      com.yufeng.repository.PurchaseListGoodsRepository.findOne:(Ljava/io/Serializable;)Ljava/lang/Object;
      com.yufeng.repository.PurchaseListGoodsRepository.findOne:(Lorg/springframework/data/domain/Example;)Ljava/lang/Object;
      com.yufeng.repository.PurchaseListGoodsRepository.findOne:(Lorg/springframework/data/jpa/domain/Specification;)Ljava/lang/Object;
      com.yufeng.repository.PurchaseListGoodsRepository.flush:()V
      com.yufeng.repository.PurchaseListGoodsRepository.getOne:(Ljava/io/Serializable;)Ljava/lang/Object;
      com.yufeng.repository.PurchaseListGoodsRepository.listByPurchaseListId:(Ljava/lang/Integer;)Ljava/util/List;
      com.yufeng.repository.PurchaseListGoodsRepository.save:(Ljava/lang/Iterable;)Ljava/lang/Iterable;
      com.yufeng.repository.PurchaseListGoodsRepository.save:(Ljava/lang/Object;)Ljava/lang/Object;
      com.yufeng.repository.PurchaseListGoodsRepository.saveAndFlush:(Ljava/lang/Object;)Ljava/lang/Object;
      
      No embedded Java database engines were detected.
      This will prevent Diffblue Cover from writing tests for repository classes.
      Spring supports HSQL, H2, and Derby.
      Please add one of these as a dependency to your project.
      Here are most recent versions of these libraries that are known to be
      compatible with Diffblue Cover:
      org.hsqldb:hsqldb:2.6.1
      com.h2database:h2:2.1.210
      org.apache.derby:derby:10.14.2.0
      Alternatively, if you are not interested in testing repository classes,
      they can be excluded using the '--exclude' option.
      
INFO  
INFO  E092: Missing embedded database engine
      No embedded Java database engines were detected.
      This will prevent Diffblue Cover from writing tests for repository classes.
      Spring supports HSQL, H2, and Derby.
      Please add one of these as a dependency to your project.
      Here are most recent versions of these libraries that are known to be
      compatible with Diffblue Cover:
      org.hsqldb:hsqldb:2.6.1
      com.h2database:h2:2.1.210
      org.apache.derby:derby:10.14.2.0
      Alternatively, if you are not interested in testing repository classes,
      they can be excluded using the '--exclude' option.
      
INFO  Affected methods:
      com.yufeng.repository.RoleMenuRepository.count:()J
      com.yufeng.repository.RoleMenuRepository.count:(Lorg/springframework/data/domain/Example;)J
      com.yufeng.repository.RoleMenuRepository.count:(Lorg/springframework/data/jpa/domain/Specification;)J
      com.yufeng.repository.RoleMenuRepository.delete:(Ljava/io/Serializable;)V
      com.yufeng.repository.RoleMenuRepository.delete:(Ljava/lang/Iterable;)V
      com.yufeng.repository.RoleMenuRepository.delete:(Ljava/lang/Object;)V
      com.yufeng.repository.RoleMenuRepository.deleteAll:()V
      com.yufeng.repository.RoleMenuRepository.deleteAllInBatch:()V
      com.yufeng.repository.RoleMenuRepository.deleteByRoleId:(Ljava/lang/Integer;)V
      com.yufeng.repository.RoleMenuRepository.deleteInBatch:(Ljava/lang/Iterable;)V
      com.yufeng.repository.RoleMenuRepository.exists:(Ljava/io/Serializable;)Z
      com.yufeng.repository.RoleMenuRepository.exists:(Lorg/springframework/data/domain/Example;)Z
      com.yufeng.repository.RoleMenuRepository.findAll:(Ljava/lang/Iterable;)Ljava/lang/Iterable;
      com.yufeng.repository.RoleMenuRepository.findAll:(Lorg/springframework/data/domain/Example;)Ljava/lang/Iterable;
      com.yufeng.repository.RoleMenuRepository.findAll:(Lorg/springframework/data/domain/Example;Lorg/springframework/data/domain/Pageable;)Lorg/springframework/data/domain/Page;
      com.yufeng.repository.RoleMenuRepository.findAll:(Lorg/springframework/data/domain/Example;Lorg/springframework/data/domain/Sort;)Ljava/lang/Iterable;
      com.yufeng.repository.RoleMenuRepository.findAll:(Lorg/springframework/data/domain/Pageable;)Lorg/springframework/data/domain/Page;
      com.yufeng.repository.RoleMenuRepository.findAll:(Lorg/springframework/data/domain/Sort;)Ljava/lang/Iterable;
      com.yufeng.repository.RoleMenuRepository.findAll:(Lorg/springframework/data/jpa/domain/Specification;)Ljava/util/List;
      com.yufeng.repository.RoleMenuRepository.findAll:(Lorg/springframework/data/jpa/domain/Specification;Lorg/springframework/data/domain/Pageable;)Lorg/springframework/data/domain/Page;
      com.yufeng.repository.RoleMenuRepository.findAll:(Lorg/springframework/data/jpa/domain/Specification;Lorg/springframework/data/domain/Sort;)Ljava/util/List;
      com.yufeng.repository.RoleMenuRepository.findOne:(Ljava/io/Serializable;)Ljava/lang/Object;
      com.yufeng.repository.RoleMenuRepository.findOne:(Lorg/springframework/data/domain/Example;)Ljava/lang/Object;
      com.yufeng.repository.RoleMenuRepository.findOne:(Lorg/springframework/data/jpa/domain/Specification;)Ljava/lang/Object;
      com.yufeng.repository.RoleMenuRepository.flush:()V
      com.yufeng.repository.RoleMenuRepository.getOne:(Ljava/io/Serializable;)Ljava/lang/Object;
      com.yufeng.repository.RoleMenuRepository.save:(Ljava/lang/Iterable;)Ljava/lang/Iterable;
      com.yufeng.repository.RoleMenuRepository.save:(Ljava/lang/Object;)Ljava/lang/Object;
      com.yufeng.repository.RoleMenuRepository.saveAndFlush:(Ljava/lang/Object;)Ljava/lang/Object;
      
INFO  To resolve the issue, use the following prompt with your AI assistant:
      
      Fix the following issue preventing test creation for:
      com.yufeng.repository.RoleMenuRepository.count:()J
      com.yufeng.repository.RoleMenuRepository.count:(Lorg/springframework/data/domain/Example;)J
      com.yufeng.repository.RoleMenuRepository.count:(Lorg/springframework/data/jpa/domain/Specification;)J
      com.yufeng.repository.RoleMenuRepository.delete:(Ljava/io/Serializable;)V
      com.yufeng.repository.RoleMenuRepository.delete:(Ljava/lang/Iterable;)V
      com.yufeng.repository.RoleMenuRepository.delete:(Ljava/lang/Object;)V
      com.yufeng.repository.RoleMenuRepository.deleteAll:()V
      com.yufeng.repository.RoleMenuRepository.deleteAllInBatch:()V
      com.yufeng.repository.RoleMenuRepository.deleteByRoleId:(Ljava/lang/Integer;)V
      com.yufeng.repository.RoleMenuRepository.deleteInBatch:(Ljava/lang/Iterable;)V
      com.yufeng.repository.RoleMenuRepository.exists:(Ljava/io/Serializable;)Z
      com.yufeng.repository.RoleMenuRepository.exists:(Lorg/springframework/data/domain/Example;)Z
      com.yufeng.repository.RoleMenuRepository.findAll:(Ljava/lang/Iterable;)Ljava/lang/Iterable;
      com.yufeng.repository.RoleMenuRepository.findAll:(Lorg/springframework/data/domain/Example;)Ljava/lang/Iterable;
      com.yufeng.repository.RoleMenuRepository.findAll:(Lorg/springframework/data/domain/Example;Lorg/springframework/data/domain/Pageable;)Lorg/springframework/data/domain/Page;
      com.yufeng.repository.RoleMenuRepository.findAll:(Lorg/springframework/data/domain/Example;Lorg/springframework/data/domain/Sort;)Ljava/lang/Iterable;
      com.yufeng.repository.RoleMenuRepository.findAll:(Lorg/springframework/data/domain/Pageable;)Lorg/springframework/data/domain/Page;
      com.yufeng.repository.RoleMenuRepository.findAll:(Lorg/springframework/data/domain/Sort;)Ljava/lang/Iterable;
      com.yufeng.repository.RoleMenuRepository.findAll:(Lorg/springframework/data/jpa/domain/Specification;)Ljava/util/List;
      com.yufeng.repository.RoleMenuRepository.findAll:(Lorg/springframework/data/jpa/domain/Specification;Lorg/springframework/data/domain/Pageable;)Lorg/springframework/data/domain/Page;
      com.yufeng.repository.RoleMenuRepository.findAll:(Lorg/springframework/data/jpa/domain/Specification;Lorg/springframework/data/domain/Sort;)Ljava/util/List;
      com.yufeng.repository.RoleMenuRepository.findOne:(Ljava/io/Serializable;)Ljava/lang/Object;
      com.yufeng.repository.RoleMenuRepository.findOne:(Lorg/springframework/data/domain/Example;)Ljava/lang/Object;
      com.yufeng.repository.RoleMenuRepository.findOne:(Lorg/springframework/data/jpa/domain/Specification;)Ljava/lang/Object;
      com.yufeng.repository.RoleMenuRepository.flush:()V
      com.yufeng.repository.RoleMenuRepository.getOne:(Ljava/io/Serializable;)Ljava/lang/Object;
      com.yufeng.repository.RoleMenuRepository.save:(Ljava/lang/Iterable;)Ljava/lang/Iterable;
      com.yufeng.repository.RoleMenuRepository.save:(Ljava/lang/Object;)Ljava/lang/Object;
      com.yufeng.repository.RoleMenuRepository.saveAndFlush:(Ljava/lang/Object;)Ljava/lang/Object;
      
      No embedded Java database engines were detected.
      This will prevent Diffblue Cover from writing tests for repository classes.
      Spring supports HSQL, H2, and Derby.
      Please add one of these as a dependency to your project.
      Here are most recent versions of these libraries that are known to be
      compatible with Diffblue Cover:
      org.hsqldb:hsqldb:2.6.1
      com.h2database:h2:2.1.210
      org.apache.derby:derby:10.14.2.0
      Alternatively, if you are not interested in testing repository classes,
      they can be excluded using the '--exclude' option.
      
INFO  
INFO  E092: Missing embedded database engine
      No embedded Java database engines were detected.
      This will prevent Diffblue Cover from writing tests for repository classes.
      Spring supports HSQL, H2, and Derby.
      Please add one of these as a dependency to your project.
      Here are most recent versions of these libraries that are known to be
      compatible with Diffblue Cover:
      org.hsqldb:hsqldb:2.6.1
      com.h2database:h2:2.1.210
      org.apache.derby:derby:10.14.2.0
      Alternatively, if you are not interested in testing repository classes,
      they can be excluded using the '--exclude' option.
      
INFO  Affected methods:
      com.yufeng.repository.UserRoleRepository.count:()J
      com.yufeng.repository.UserRoleRepository.count:(Lorg/springframework/data/domain/Example;)J
      com.yufeng.repository.UserRoleRepository.count:(Lorg/springframework/data/jpa/domain/Specification;)J
      com.yufeng.repository.UserRoleRepository.delete:(Ljava/io/Serializable;)V
      com.yufeng.repository.UserRoleRepository.delete:(Ljava/lang/Iterable;)V
      com.yufeng.repository.UserRoleRepository.delete:(Ljava/lang/Object;)V
      com.yufeng.repository.UserRoleRepository.deleteAll:()V
      com.yufeng.repository.UserRoleRepository.deleteAllInBatch:()V
      com.yufeng.repository.UserRoleRepository.deleteByRoleId:(Ljava/lang/Integer;)V
      com.yufeng.repository.UserRoleRepository.deleteByUserId:(Ljava/lang/Integer;)V
      com.yufeng.repository.UserRoleRepository.deleteInBatch:(Ljava/lang/Iterable;)V
      com.yufeng.repository.UserRoleRepository.exists:(Ljava/io/Serializable;)Z
      com.yufeng.repository.UserRoleRepository.exists:(Lorg/springframework/data/domain/Example;)Z
      com.yufeng.repository.UserRoleRepository.findAll:(Ljava/lang/Iterable;)Ljava/lang/Iterable;
      com.yufeng.repository.UserRoleRepository.findAll:(Lorg/springframework/data/domain/Example;)Ljava/lang/Iterable;
      com.yufeng.repository.UserRoleRepository.findAll:(Lorg/springframework/data/domain/Example;Lorg/springframework/data/domain/Pageable;)Lorg/springframework/data/domain/Page;
      com.yufeng.repository.UserRoleRepository.findAll:(Lorg/springframework/data/domain/Example;Lorg/springframework/data/domain/Sort;)Ljava/lang/Iterable;
      com.yufeng.repository.UserRoleRepository.findAll:(Lorg/springframework/data/domain/Pageable;)Lorg/springframework/data/domain/Page;
      com.yufeng.repository.UserRoleRepository.findAll:(Lorg/springframework/data/domain/Sort;)Ljava/lang/Iterable;
      com.yufeng.repository.UserRoleRepository.findAll:(Lorg/springframework/data/jpa/domain/Specification;)Ljava/util/List;
      com.yufeng.repository.UserRoleRepository.findAll:(Lorg/springframework/data/jpa/domain/Specification;Lorg/springframework/data/domain/Pageable;)Lorg/springframework/data/domain/Page;
      com.yufeng.repository.UserRoleRepository.findAll:(Lorg/springframework/data/jpa/domain/Specification;Lorg/springframework/data/domain/Sort;)Ljava/util/List;
      com.yufeng.repository.UserRoleRepository.findOne:(Ljava/io/Serializable;)Ljava/lang/Object;
      com.yufeng.repository.UserRoleRepository.findOne:(Lorg/springframework/data/domain/Example;)Ljava/lang/Object;
      com.yufeng.repository.UserRoleRepository.findOne:(Lorg/springframework/data/jpa/domain/Specification;)Ljava/lang/Object;
      com.yufeng.repository.UserRoleRepository.flush:()V
      com.yufeng.repository.UserRoleRepository.getOne:(Ljava/io/Serializable;)Ljava/lang/Object;
      com.yufeng.repository.UserRoleRepository.save:(Ljava/lang/Iterable;)Ljava/lang/Iterable;
      com.yufeng.repository.UserRoleRepository.save:(Ljava/lang/Object;)Ljava/lang/Object;
      com.yufeng.repository.UserRoleRepository.saveAndFlush:(Ljava/lang/Object;)Ljava/lang/Object;
      
INFO  To resolve the issue, use the following prompt with your AI assistant:
      
      Fix the following issue preventing test creation for:
      com.yufeng.repository.UserRoleRepository.count:()J
      com.yufeng.repository.UserRoleRepository.count:(Lorg/springframework/data/domain/Example;)J
      com.yufeng.repository.UserRoleRepository.count:(Lorg/springframework/data/jpa/domain/Specification;)J
      com.yufeng.repository.UserRoleRepository.delete:(Ljava/io/Serializable;)V
      com.yufeng.repository.UserRoleRepository.delete:(Ljava/lang/Iterable;)V
      com.yufeng.repository.UserRoleRepository.delete:(Ljava/lang/Object;)V
      com.yufeng.repository.UserRoleRepository.deleteAll:()V
      com.yufeng.repository.UserRoleRepository.deleteAllInBatch:()V
      com.yufeng.repository.UserRoleRepository.deleteByRoleId:(Ljava/lang/Integer;)V
      com.yufeng.repository.UserRoleRepository.deleteByUserId:(Ljava/lang/Integer;)V
      com.yufeng.repository.UserRoleRepository.deleteInBatch:(Ljava/lang/Iterable;)V
      com.yufeng.repository.UserRoleRepository.exists:(Ljava/io/Serializable;)Z
      com.yufeng.repository.UserRoleRepository.exists:(Lorg/springframework/data/domain/Example;)Z
      com.yufeng.repository.UserRoleRepository.findAll:(Ljava/lang/Iterable;)Ljava/lang/Iterable;
      com.yufeng.repository.UserRoleRepository.findAll:(Lorg/springframework/data/domain/Example;)Ljava/lang/Iterable;
      com.yufeng.repository.UserRoleRepository.findAll:(Lorg/springframework/data/domain/Example;Lorg/springframework/data/domain/Pageable;)Lorg/springframework/data/domain/Page;
      com.yufeng.repository.UserRoleRepository.findAll:(Lorg/springframework/data/domain/Example;Lorg/springframework/data/domain/Sort;)Ljava/lang/Iterable;
      com.yufeng.repository.UserRoleRepository.findAll:(Lorg/springframework/data/domain/Pageable;)Lorg/springframework/data/domain/Page;
      com.yufeng.repository.UserRoleRepository.findAll:(Lorg/springframework/data/domain/Sort;)Ljava/lang/Iterable;
      com.yufeng.repository.UserRoleRepository.findAll:(Lorg/springframework/data/jpa/domain/Specification;)Ljava/util/List;
      com.yufeng.repository.UserRoleRepository.findAll:(Lorg/springframework/data/jpa/domain/Specification;Lorg/springframework/data/domain/Pageable;)Lorg/springframework/data/domain/Page;
      com.yufeng.repository.UserRoleRepository.findAll:(Lorg/springframework/data/jpa/domain/Specification;Lorg/springframework/data/domain/Sort;)Ljava/util/List;
      com.yufeng.repository.UserRoleRepository.findOne:(Ljava/io/Serializable;)Ljava/lang/Object;
      com.yufeng.repository.UserRoleRepository.findOne:(Lorg/springframework/data/domain/Example;)Ljava/lang/Object;
      com.yufeng.repository.UserRoleRepository.findOne:(Lorg/springframework/data/jpa/domain/Specification;)Ljava/lang/Object;
      com.yufeng.repository.UserRoleRepository.flush:()V
      com.yufeng.repository.UserRoleRepository.getOne:(Ljava/io/Serializable;)Ljava/lang/Object;
      com.yufeng.repository.UserRoleRepository.save:(Ljava/lang/Iterable;)Ljava/lang/Iterable;
      com.yufeng.repository.UserRoleRepository.save:(Ljava/lang/Object;)Ljava/lang/Object;
      com.yufeng.repository.UserRoleRepository.saveAndFlush:(Ljava/lang/Object;)Ljava/lang/Object;
      
      No embedded Java database engines were detected.
      This will prevent Diffblue Cover from writing tests for repository classes.
      Spring supports HSQL, H2, and Derby.
      Please add one of these as a dependency to your project.
      Here are most recent versions of these libraries that are known to be
      compatible with Diffblue Cover:
      org.hsqldb:hsqldb:2.6.1
      com.h2database:h2:2.1.210
      org.apache.derby:derby:10.14.2.0
      Alternatively, if you are not interested in testing repository classes,
      they can be excluded using the '--exclude' option.
      
INFO  
INFO  E092: Missing embedded database engine
      No embedded Java database engines were detected.
      This will prevent Diffblue Cover from writing tests for repository classes.
      Spring supports HSQL, H2, and Derby.
      Please add one of these as a dependency to your project.
      Here are most recent versions of these libraries that are known to be
      compatible with Diffblue Cover:
      org.hsqldb:hsqldb:2.6.1
      com.h2database:h2:2.1.210
      org.apache.derby:derby:10.14.2.0
      Alternatively, if you are not interested in testing repository classes,
      they can be excluded using the '--exclude' option.
      
INFO  Affected methods:
      com.yufeng.repository.LogRepository.count:()J
      com.yufeng.repository.LogRepository.count:(Lorg/springframework/data/domain/Example;)J
      com.yufeng.repository.LogRepository.count:(Lorg/springframework/data/jpa/domain/Specification;)J
      com.yufeng.repository.LogRepository.delete:(Ljava/io/Serializable;)V
      com.yufeng.repository.LogRepository.delete:(Ljava/lang/Iterable;)V
      com.yufeng.repository.LogRepository.delete:(Ljava/lang/Object;)V
      com.yufeng.repository.LogRepository.deleteAll:()V
      com.yufeng.repository.LogRepository.deleteAllInBatch:()V
      com.yufeng.repository.LogRepository.deleteInBatch:(Ljava/lang/Iterable;)V
      com.yufeng.repository.LogRepository.exists:(Ljava/io/Serializable;)Z
      com.yufeng.repository.LogRepository.exists:(Lorg/springframework/data/domain/Example;)Z
      com.yufeng.repository.LogRepository.findAll:(Ljava/lang/Iterable;)Ljava/lang/Iterable;
      com.yufeng.repository.LogRepository.findAll:(Lorg/springframework/data/domain/Example;)Ljava/lang/Iterable;
      com.yufeng.repository.LogRepository.findAll:(Lorg/springframework/data/domain/Example;Lorg/springframework/data/domain/Pageable;)Lorg/springframework/data/domain/Page;
      com.yufeng.repository.LogRepository.findAll:(Lorg/springframework/data/domain/Example;Lorg/springframework/data/domain/Sort;)Ljava/lang/Iterable;
      com.yufeng.repository.LogRepository.findAll:(Lorg/springframework/data/domain/Pageable;)Lorg/springframework/data/domain/Page;
      com.yufeng.repository.LogRepository.findAll:(Lorg/springframework/data/domain/Sort;)Ljava/lang/Iterable;
      com.yufeng.repository.LogRepository.findAll:(Lorg/springframework/data/jpa/domain/Specification;)Ljava/util/List;
      com.yufeng.repository.LogRepository.findAll:(Lorg/springframework/data/jpa/domain/Specification;Lorg/springframework/data/domain/Pageable;)Lorg/springframework/data/domain/Page;
      com.yufeng.repository.LogRepository.findAll:(Lorg/springframework/data/jpa/domain/Specification;Lorg/springframework/data/domain/Sort;)Ljava/util/List;
      com.yufeng.repository.LogRepository.findOne:(Ljava/io/Serializable;)Ljava/lang/Object;
      com.yufeng.repository.LogRepository.findOne:(Lorg/springframework/data/domain/Example;)Ljava/lang/Object;
      com.yufeng.repository.LogRepository.findOne:(Lorg/springframework/data/jpa/domain/Specification;)Ljava/lang/Object;
      com.yufeng.repository.LogRepository.flush:()V
      com.yufeng.repository.LogRepository.getOne:(Ljava/io/Serializable;)Ljava/lang/Object;
      com.yufeng.repository.LogRepository.save:(Ljava/lang/Iterable;)Ljava/lang/Iterable;
      com.yufeng.repository.LogRepository.save:(Ljava/lang/Object;)Ljava/lang/Object;
      com.yufeng.repository.LogRepository.saveAndFlush:(Ljava/lang/Object;)Ljava/lang/Object;
      
INFO  To resolve the issue, use the following prompt with your AI assistant:
      
      Fix the following issue preventing test creation for:
      com.yufeng.repository.LogRepository.count:()J
      com.yufeng.repository.LogRepository.count:(Lorg/springframework/data/domain/Example;)J
      com.yufeng.repository.LogRepository.count:(Lorg/springframework/data/jpa/domain/Specification;)J
      com.yufeng.repository.LogRepository.delete:(Ljava/io/Serializable;)V
      com.yufeng.repository.LogRepository.delete:(Ljava/lang/Iterable;)V
      com.yufeng.repository.LogRepository.delete:(Ljava/lang/Object;)V
      com.yufeng.repository.LogRepository.deleteAll:()V
      com.yufeng.repository.LogRepository.deleteAllInBatch:()V
      com.yufeng.repository.LogRepository.deleteInBatch:(Ljava/lang/Iterable;)V
      com.yufeng.repository.LogRepository.exists:(Ljava/io/Serializable;)Z
      com.yufeng.repository.LogRepository.exists:(Lorg/springframework/data/domain/Example;)Z
      com.yufeng.repository.LogRepository.findAll:(Ljava/lang/Iterable;)Ljava/lang/Iterable;
      com.yufeng.repository.LogRepository.findAll:(Lorg/springframework/data/domain/Example;)Ljava/lang/Iterable;
      com.yufeng.repository.LogRepository.findAll:(Lorg/springframework/data/domain/Example;Lorg/springframework/data/domain/Pageable;)Lorg/springframework/data/domain/Page;
      com.yufeng.repository.LogRepository.findAll:(Lorg/springframework/data/domain/Example;Lorg/springframework/data/domain/Sort;)Ljava/lang/Iterable;
      com.yufeng.repository.LogRepository.findAll:(Lorg/springframework/data/domain/Pageable;)Lorg/springframework/data/domain/Page;
      com.yufeng.repository.LogRepository.findAll:(Lorg/springframework/data/domain/Sort;)Ljava/lang/Iterable;
      com.yufeng.repository.LogRepository.findAll:(Lorg/springframework/data/jpa/domain/Specification;)Ljava/util/List;
      com.yufeng.repository.LogRepository.findAll:(Lorg/springframework/data/jpa/domain/Specification;Lorg/springframework/data/domain/Pageable;)Lorg/springframework/data/domain/Page;
      com.yufeng.repository.LogRepository.findAll:(Lorg/springframework/data/jpa/domain/Specification;Lorg/springframework/data/domain/Sort;)Ljava/util/List;
      com.yufeng.repository.LogRepository.findOne:(Ljava/io/Serializable;)Ljava/lang/Object;
      com.yufeng.repository.LogRepository.findOne:(Lorg/springframework/data/domain/Example;)Ljava/lang/Object;
      com.yufeng.repository.LogRepository.findOne:(Lorg/springframework/data/jpa/domain/Specification;)Ljava/lang/Object;
      com.yufeng.repository.LogRepository.flush:()V
      com.yufeng.repository.LogRepository.getOne:(Ljava/io/Serializable;)Ljava/lang/Object;
      com.yufeng.repository.LogRepository.save:(Ljava/lang/Iterable;)Ljava/lang/Iterable;
      com.yufeng.repository.LogRepository.save:(Ljava/lang/Object;)Ljava/lang/Object;
      com.yufeng.repository.LogRepository.saveAndFlush:(Ljava/lang/Object;)Ljava/lang/Object;
      
      No embedded Java database engines were detected.
      This will prevent Diffblue Cover from writing tests for repository classes.
      Spring supports HSQL, H2, and Derby.
      Please add one of these as a dependency to your project.
      Here are most recent versions of these libraries that are known to be
      compatible with Diffblue Cover:
      org.hsqldb:hsqldb:2.6.1
      com.h2database:h2:2.1.210
      org.apache.derby:derby:10.14.2.0
      Alternatively, if you are not interested in testing repository classes,
      they can be excluded using the '--exclude' option.
      
INFO  
INFO  E092: Missing embedded database engine
      No embedded Java database engines were detected.
      This will prevent Diffblue Cover from writing tests for repository classes.
      Spring supports HSQL, H2, and Derby.
      Please add one of these as a dependency to your project.
      Here are most recent versions of these libraries that are known to be
      compatible with Diffblue Cover:
      org.hsqldb:hsqldb:2.6.1
      com.h2database:h2:2.1.210
      org.apache.derby:derby:10.14.2.0
      Alternatively, if you are not interested in testing repository classes,
      they can be excluded using the '--exclude' option.
      
INFO  Affected methods:
      com.yufeng.repository.CustomerReturnListRepository.count:()J
      com.yufeng.repository.CustomerReturnListRepository.count:(Lorg/springframework/data/domain/Example;)J
      com.yufeng.repository.CustomerReturnListRepository.count:(Lorg/springframework/data/jpa/domain/Specification;)J
      com.yufeng.repository.CustomerReturnListRepository.delete:(Ljava/io/Serializable;)V
      com.yufeng.repository.CustomerReturnListRepository.delete:(Ljava/lang/Iterable;)V
      com.yufeng.repository.CustomerReturnListRepository.delete:(Ljava/lang/Object;)V
      com.yufeng.repository.CustomerReturnListRepository.deleteAll:()V
      com.yufeng.repository.CustomerReturnListRepository.deleteAllInBatch:()V
      com.yufeng.repository.CustomerReturnListRepository.deleteInBatch:(Ljava/lang/Iterable;)V
      com.yufeng.repository.CustomerReturnListRepository.exists:(Ljava/io/Serializable;)Z
      com.yufeng.repository.CustomerReturnListRepository.exists:(Lorg/springframework/data/domain/Example;)Z
      com.yufeng.repository.CustomerReturnListRepository.findAll:(Ljava/lang/Iterable;)Ljava/lang/Iterable;
      com.yufeng.repository.CustomerReturnListRepository.findAll:(Lorg/springframework/data/domain/Example;)Ljava/lang/Iterable;
      com.yufeng.repository.CustomerReturnListRepository.findAll:(Lorg/springframework/data/domain/Example;Lorg/springframework/data/domain/Pageable;)Lorg/springframework/data/domain/Page;
      com.yufeng.repository.CustomerReturnListRepository.findAll:(Lorg/springframework/data/domain/Example;Lorg/springframework/data/domain/Sort;)Ljava/lang/Iterable;
      com.yufeng.repository.CustomerReturnListRepository.findAll:(Lorg/springframework/data/domain/Pageable;)Lorg/springframework/data/domain/Page;
      com.yufeng.repository.CustomerReturnListRepository.findAll:(Lorg/springframework/data/domain/Sort;)Ljava/lang/Iterable;
      com.yufeng.repository.CustomerReturnListRepository.findAll:(Lorg/springframework/data/jpa/domain/Specification;)Ljava/util/List;
      com.yufeng.repository.CustomerReturnListRepository.findAll:(Lorg/springframework/data/jpa/domain/Specification;Lorg/springframework/data/domain/Pageable;)Lorg/springframework/data/domain/Page;
      com.yufeng.repository.CustomerReturnListRepository.findAll:(Lorg/springframework/data/jpa/domain/Specification;Lorg/springframework/data/domain/Sort;)Ljava/util/List;
      com.yufeng.repository.CustomerReturnListRepository.findOne:(Ljava/io/Serializable;)Ljava/lang/Object;
      com.yufeng.repository.CustomerReturnListRepository.findOne:(Lorg/springframework/data/domain/Example;)Ljava/lang/Object;
      com.yufeng.repository.CustomerReturnListRepository.findOne:(Lorg/springframework/data/jpa/domain/Specification;)Ljava/lang/Object;
      com.yufeng.repository.CustomerReturnListRepository.flush:()V
      com.yufeng.repository.CustomerReturnListRepository.getOne:(Ljava/io/Serializable;)Ljava/lang/Object;
      com.yufeng.repository.CustomerReturnListRepository.getTodayMaxCustomerReturnNumber:()Ljava/lang/String;
      com.yufeng.repository.CustomerReturnListRepository.save:(Ljava/lang/Iterable;)Ljava/lang/Iterable;
      com.yufeng.repository.CustomerReturnListRepository.save:(Ljava/lang/Object;)Ljava/lang/Object;
      com.yufeng.repository.CustomerReturnListRepository.saveAndFlush:(Ljava/lang/Object;)Ljava/lang/Object;
      
INFO  To resolve the issue, use the following prompt with your AI assistant:
      
      Fix the following issue preventing test creation for:
      com.yufeng.repository.CustomerReturnListRepository.count:()J
      com.yufeng.repository.CustomerReturnListRepository.count:(Lorg/springframework/data/domain/Example;)J
      com.yufeng.repository.CustomerReturnListRepository.count:(Lorg/springframework/data/jpa/domain/Specification;)J
      com.yufeng.repository.CustomerReturnListRepository.delete:(Ljava/io/Serializable;)V
      com.yufeng.repository.CustomerReturnListRepository.delete:(Ljava/lang/Iterable;)V
      com.yufeng.repository.CustomerReturnListRepository.delete:(Ljava/lang/Object;)V
      com.yufeng.repository.CustomerReturnListRepository.deleteAll:()V
      com.yufeng.repository.CustomerReturnListRepository.deleteAllInBatch:()V
      com.yufeng.repository.CustomerReturnListRepository.deleteInBatch:(Ljava/lang/Iterable;)V
      com.yufeng.repository.CustomerReturnListRepository.exists:(Ljava/io/Serializable;)Z
      com.yufeng.repository.CustomerReturnListRepository.exists:(Lorg/springframework/data/domain/Example;)Z
      com.yufeng.repository.CustomerReturnListRepository.findAll:(Ljava/lang/Iterable;)Ljava/lang/Iterable;
      com.yufeng.repository.CustomerReturnListRepository.findAll:(Lorg/springframework/data/domain/Example;)Ljava/lang/Iterable;
      com.yufeng.repository.CustomerReturnListRepository.findAll:(Lorg/springframework/data/domain/Example;Lorg/springframework/data/domain/Pageable;)Lorg/springframework/data/domain/Page;
      com.yufeng.repository.CustomerReturnListRepository.findAll:(Lorg/springframework/data/domain/Example;Lorg/springframework/data/domain/Sort;)Ljava/lang/Iterable;
      com.yufeng.repository.CustomerReturnListRepository.findAll:(Lorg/springframework/data/domain/Pageable;)Lorg/springframework/data/domain/Page;
      com.yufeng.repository.CustomerReturnListRepository.findAll:(Lorg/springframework/data/domain/Sort;)Ljava/lang/Iterable;
      com.yufeng.repository.CustomerReturnListRepository.findAll:(Lorg/springframework/data/jpa/domain/Specification;)Ljava/util/List;
      com.yufeng.repository.CustomerReturnListRepository.findAll:(Lorg/springframework/data/jpa/domain/Specification;Lorg/springframework/data/domain/Pageable;)Lorg/springframework/data/domain/Page;
      com.yufeng.repository.CustomerReturnListRepository.findAll:(Lorg/springframework/data/jpa/domain/Specification;Lorg/springframework/data/domain/Sort;)Ljava/util/List;
      com.yufeng.repository.CustomerReturnListRepository.findOne:(Ljava/io/Serializable;)Ljava/lang/Object;
      com.yufeng.repository.CustomerReturnListRepository.findOne:(Lorg/springframework/data/domain/Example;)Ljava/lang/Object;
      com.yufeng.repository.CustomerReturnListRepository.findOne:(Lorg/springframework/data/jpa/domain/Specification;)Ljava/lang/Object;
      com.yufeng.repository.CustomerReturnListRepository.flush:()V
      com.yufeng.repository.CustomerReturnListRepository.getOne:(Ljava/io/Serializable;)Ljava/lang/Object;
      com.yufeng.repository.CustomerReturnListRepository.getTodayMaxCustomerReturnNumber:()Ljava/lang/String;
      com.yufeng.repository.CustomerReturnListRepository.save:(Ljava/lang/Iterable;)Ljava/lang/Iterable;
      com.yufeng.repository.CustomerReturnListRepository.save:(Ljava/lang/Object;)Ljava/lang/Object;
      com.yufeng.repository.CustomerReturnListRepository.saveAndFlush:(Ljava/lang/Object;)Ljava/lang/Object;
      
      No embedded Java database engines were detected.
      This will prevent Diffblue Cover from writing tests for repository classes.
      Spring supports HSQL, H2, and Derby.
      Please add one of these as a dependency to your project.
      Here are most recent versions of these libraries that are known to be
      compatible with Diffblue Cover:
      org.hsqldb:hsqldb:2.6.1
      com.h2database:h2:2.1.210
      org.apache.derby:derby:10.14.2.0
      Alternatively, if you are not interested in testing repository classes,
      they can be excluded using the '--exclude' option.
      
INFO  
INFO  E092: Missing embedded database engine
      No embedded Java database engines were detected.
      This will prevent Diffblue Cover from writing tests for repository classes.
      Spring supports HSQL, H2, and Derby.
      Please add one of these as a dependency to your project.
      Here are most recent versions of these libraries that are known to be
      compatible with Diffblue Cover:
      org.hsqldb:hsqldb:2.6.1
      com.h2database:h2:2.1.210
      org.apache.derby:derby:10.14.2.0
      Alternatively, if you are not interested in testing repository classes,
      they can be excluded using the '--exclude' option.
      
INFO  Affected methods:
      com.yufeng.repository.SaleListRepository.count:()J
      com.yufeng.repository.SaleListRepository.count:(Lorg/springframework/data/domain/Example;)J
      com.yufeng.repository.SaleListRepository.count:(Lorg/springframework/data/jpa/domain/Specification;)J
      com.yufeng.repository.SaleListRepository.countSaleByDay:(Ljava/lang/String;Ljava/lang/String;)Ljava/util/List;
      com.yufeng.repository.SaleListRepository.countSaleByMonth:(Ljava/lang/String;Ljava/lang/String;)Ljava/util/List;
      com.yufeng.repository.SaleListRepository.delete:(Ljava/io/Serializable;)V
      com.yufeng.repository.SaleListRepository.delete:(Ljava/lang/Iterable;)V
      com.yufeng.repository.SaleListRepository.delete:(Ljava/lang/Object;)V
      com.yufeng.repository.SaleListRepository.deleteAll:()V
      com.yufeng.repository.SaleListRepository.deleteAllInBatch:()V
      com.yufeng.repository.SaleListRepository.deleteInBatch:(Ljava/lang/Iterable;)V
      com.yufeng.repository.SaleListRepository.exists:(Ljava/io/Serializable;)Z
      com.yufeng.repository.SaleListRepository.exists:(Lorg/springframework/data/domain/Example;)Z
      com.yufeng.repository.SaleListRepository.findAll:(Ljava/lang/Iterable;)Ljava/lang/Iterable;
      com.yufeng.repository.SaleListRepository.findAll:(Lorg/springframework/data/domain/Example;)Ljava/lang/Iterable;
      com.yufeng.repository.SaleListRepository.findAll:(Lorg/springframework/data/domain/Example;Lorg/springframework/data/domain/Pageable;)Lorg/springframework/data/domain/Page;
      com.yufeng.repository.SaleListRepository.findAll:(Lorg/springframework/data/domain/Example;Lorg/springframework/data/domain/Sort;)Ljava/lang/Iterable;
      com.yufeng.repository.SaleListRepository.findAll:(Lorg/springframework/data/domain/Pageable;)Lorg/springframework/data/domain/Page;
      com.yufeng.repository.SaleListRepository.findAll:(Lorg/springframework/data/domain/Sort;)Ljava/lang/Iterable;
      com.yufeng.repository.SaleListRepository.findAll:(Lorg/springframework/data/jpa/domain/Specification;)Ljava/util/List;
      com.yufeng.repository.SaleListRepository.findAll:(Lorg/springframework/data/jpa/domain/Specification;Lorg/springframework/data/domain/Pageable;)Lorg/springframework/data/domain/Page;
      com.yufeng.repository.SaleListRepository.findAll:(Lorg/springframework/data/jpa/domain/Specification;Lorg/springframework/data/domain/Sort;)Ljava/util/List;
      com.yufeng.repository.SaleListRepository.findOne:(Ljava/io/Serializable;)Ljava/lang/Object;
      com.yufeng.repository.SaleListRepository.findOne:(Lorg/springframework/data/domain/Example;)Ljava/lang/Object;
      com.yufeng.repository.SaleListRepository.findOne:(Lorg/springframework/data/jpa/domain/Specification;)Ljava/lang/Object;
      com.yufeng.repository.SaleListRepository.flush:()V
      com.yufeng.repository.SaleListRepository.getOne:(Ljava/io/Serializable;)Ljava/lang/Object;
      com.yufeng.repository.SaleListRepository.getTodayMaxSaleNumber:()Ljava/lang/String;
      com.yufeng.repository.SaleListRepository.save:(Ljava/lang/Iterable;)Ljava/lang/Iterable;
      com.yufeng.repository.SaleListRepository.save:(Ljava/lang/Object;)Ljava/lang/Object;
      com.yufeng.repository.SaleListRepository.saveAndFlush:(Ljava/lang/Object;)Ljava/lang/Object;
      
INFO  To resolve the issue, use the following prompt with your AI assistant:
      
      Fix the following issue preventing test creation for:
      com.yufeng.repository.SaleListRepository.count:()J
      com.yufeng.repository.SaleListRepository.count:(Lorg/springframework/data/domain/Example;)J
      com.yufeng.repository.SaleListRepository.count:(Lorg/springframework/data/jpa/domain/Specification;)J
      com.yufeng.repository.SaleListRepository.countSaleByDay:(Ljava/lang/String;Ljava/lang/String;)Ljava/util/List;
      com.yufeng.repository.SaleListRepository.countSaleByMonth:(Ljava/lang/String;Ljava/lang/String;)Ljava/util/List;
      com.yufeng.repository.SaleListRepository.delete:(Ljava/io/Serializable;)V
      com.yufeng.repository.SaleListRepository.delete:(Ljava/lang/Iterable;)V
      com.yufeng.repository.SaleListRepository.delete:(Ljava/lang/Object;)V
      com.yufeng.repository.SaleListRepository.deleteAll:()V
      com.yufeng.repository.SaleListRepository.deleteAllInBatch:()V
      com.yufeng.repository.SaleListRepository.deleteInBatch:(Ljava/lang/Iterable;)V
      com.yufeng.repository.SaleListRepository.exists:(Ljava/io/Serializable;)Z
      com.yufeng.repository.SaleListRepository.exists:(Lorg/springframework/data/domain/Example;)Z
      com.yufeng.repository.SaleListRepository.findAll:(Ljava/lang/Iterable;)Ljava/lang/Iterable;
      com.yufeng.repository.SaleListRepository.findAll:(Lorg/springframework/data/domain/Example;)Ljava/lang/Iterable;
      com.yufeng.repository.SaleListRepository.findAll:(Lorg/springframework/data/domain/Example;Lorg/springframework/data/domain/Pageable;)Lorg/springframework/data/domain/Page;
      com.yufeng.repository.SaleListRepository.findAll:(Lorg/springframework/data/domain/Example;Lorg/springframework/data/domain/Sort;)Ljava/lang/Iterable;
      com.yufeng.repository.SaleListRepository.findAll:(Lorg/springframework/data/domain/Pageable;)Lorg/springframework/data/domain/Page;
      com.yufeng.repository.SaleListRepository.findAll:(Lorg/springframework/data/domain/Sort;)Ljava/lang/Iterable;
      com.yufeng.repository.SaleListRepository.findAll:(Lorg/springframework/data/jpa/domain/Specification;)Ljava/util/List;
      com.yufeng.repository.SaleListRepository.findAll:(Lorg/springframework/data/jpa/domain/Specification;Lorg/springframework/data/domain/Pageable;)Lorg/springframework/data/domain/Page;
      com.yufeng.repository.SaleListRepository.findAll:(Lorg/springframework/data/jpa/domain/Specification;Lorg/springframework/data/domain/Sort;)Ljava/util/List;
      com.yufeng.repository.SaleListRepository.findOne:(Ljava/io/Serializable;)Ljava/lang/Object;
      com.yufeng.repository.SaleListRepository.findOne:(Lorg/springframework/data/domain/Example;)Ljava/lang/Object;
      com.yufeng.repository.SaleListRepository.findOne:(Lorg/springframework/data/jpa/domain/Specification;)Ljava/lang/Object;
      com.yufeng.repository.SaleListRepository.flush:()V
      com.yufeng.repository.SaleListRepository.getOne:(Ljava/io/Serializable;)Ljava/lang/Object;
      com.yufeng.repository.SaleListRepository.getTodayMaxSaleNumber:()Ljava/lang/String;
      com.yufeng.repository.SaleListRepository.save:(Ljava/lang/Iterable;)Ljava/lang/Iterable;
      com.yufeng.repository.SaleListRepository.save:(Ljava/lang/Object;)Ljava/lang/Object;
      com.yufeng.repository.SaleListRepository.saveAndFlush:(Ljava/lang/Object;)Ljava/lang/Object;
      
      No embedded Java database engines were detected.
      This will prevent Diffblue Cover from writing tests for repository classes.
      Spring supports HSQL, H2, and Derby.
      Please add one of these as a dependency to your project.
      Here are most recent versions of these libraries that are known to be
      compatible with Diffblue Cover:
      org.hsqldb:hsqldb:2.6.1
      com.h2database:h2:2.1.210
      org.apache.derby:derby:10.14.2.0
      Alternatively, if you are not interested in testing repository classes,
      they can be excluded using the '--exclude' option.
      
INFO  
INFO  E092: Missing embedded database engine
      No embedded Java database engines were detected.
      This will prevent Diffblue Cover from writing tests for repository classes.
      Spring supports HSQL, H2, and Derby.
      Please add one of these as a dependency to your project.
      Here are most recent versions of these libraries that are known to be
      compatible with Diffblue Cover:
      org.hsqldb:hsqldb:2.6.1
      com.h2database:h2:2.1.210
      org.apache.derby:derby:10.14.2.0
      Alternatively, if you are not interested in testing repository classes,
      they can be excluded using the '--exclude' option.
      
INFO  Affected methods:
      com.yufeng.repository.SaleListGoodsRepository.count:()J
      com.yufeng.repository.SaleListGoodsRepository.count:(Lorg/springframework/data/domain/Example;)J
      com.yufeng.repository.SaleListGoodsRepository.count:(Lorg/springframework/data/jpa/domain/Specification;)J
      com.yufeng.repository.SaleListGoodsRepository.delete:(Ljava/io/Serializable;)V
      com.yufeng.repository.SaleListGoodsRepository.delete:(Ljava/lang/Iterable;)V
      com.yufeng.repository.SaleListGoodsRepository.delete:(Ljava/lang/Object;)V
      com.yufeng.repository.SaleListGoodsRepository.deleteAll:()V
      com.yufeng.repository.SaleListGoodsRepository.deleteAllInBatch:()V
      com.yufeng.repository.SaleListGoodsRepository.deleteBySaleListId:(Ljava/lang/Integer;)V
      com.yufeng.repository.SaleListGoodsRepository.deleteInBatch:(Ljava/lang/Iterable;)V
      com.yufeng.repository.SaleListGoodsRepository.exists:(Ljava/io/Serializable;)Z
      com.yufeng.repository.SaleListGoodsRepository.exists:(Lorg/springframework/data/domain/Example;)Z
      com.yufeng.repository.SaleListGoodsRepository.findAll:(Ljava/lang/Iterable;)Ljava/lang/Iterable;
      com.yufeng.repository.SaleListGoodsRepository.findAll:(Lorg/springframework/data/domain/Example;)Ljava/lang/Iterable;
      com.yufeng.repository.SaleListGoodsRepository.findAll:(Lorg/springframework/data/domain/Example;Lorg/springframework/data/domain/Pageable;)Lorg/springframework/data/domain/Page;
      com.yufeng.repository.SaleListGoodsRepository.findAll:(Lorg/springframework/data/domain/Example;Lorg/springframework/data/domain/Sort;)Ljava/lang/Iterable;
      com.yufeng.repository.SaleListGoodsRepository.findAll:(Lorg/springframework/data/domain/Pageable;)Lorg/springframework/data/domain/Page;
      com.yufeng.repository.SaleListGoodsRepository.findAll:(Lorg/springframework/data/domain/Sort;)Ljava/lang/Iterable;
      com.yufeng.repository.SaleListGoodsRepository.findAll:(Lorg/springframework/data/jpa/domain/Specification;)Ljava/util/List;
      com.yufeng.repository.SaleListGoodsRepository.findAll:(Lorg/springframework/data/jpa/domain/Specification;Lorg/springframework/data/domain/Pageable;)Lorg/springframework/data/domain/Page;
      com.yufeng.repository.SaleListGoodsRepository.findAll:(Lorg/springframework/data/jpa/domain/Specification;Lorg/springframework/data/domain/Sort;)Ljava/util/List;
      com.yufeng.repository.SaleListGoodsRepository.findOne:(Ljava/io/Serializable;)Ljava/lang/Object;
      com.yufeng.repository.SaleListGoodsRepository.findOne:(Lorg/springframework/data/domain/Example;)Ljava/lang/Object;
      com.yufeng.repository.SaleListGoodsRepository.findOne:(Lorg/springframework/data/jpa/domain/Specification;)Ljava/lang/Object;
      com.yufeng.repository.SaleListGoodsRepository.flush:()V
      com.yufeng.repository.SaleListGoodsRepository.getOne:(Ljava/io/Serializable;)Ljava/lang/Object;
      com.yufeng.repository.SaleListGoodsRepository.getTotalByGoodsId:(Ljava/lang/Integer;)Ljava/lang/Integer;
      com.yufeng.repository.SaleListGoodsRepository.listBySaleListId:(Ljava/lang/Integer;)Ljava/util/List;
      com.yufeng.repository.SaleListGoodsRepository.save:(Ljava/lang/Iterable;)Ljava/lang/Iterable;
      com.yufeng.repository.SaleListGoodsRepository.save:(Ljava/lang/Object;)Ljava/lang/Object;
      com.yufeng.repository.SaleListGoodsRepository.saveAndFlush:(Ljava/lang/Object;)Ljava/lang/Object;
      
INFO  To resolve the issue, use the following prompt with your AI assistant:
      
      Fix the following issue preventing test creation for:
      com.yufeng.repository.SaleListGoodsRepository.count:()J
      com.yufeng.repository.SaleListGoodsRepository.count:(Lorg/springframework/data/domain/Example;)J
      com.yufeng.repository.SaleListGoodsRepository.count:(Lorg/springframework/data/jpa/domain/Specification;)J
      com.yufeng.repository.SaleListGoodsRepository.delete:(Ljava/io/Serializable;)V
      com.yufeng.repository.SaleListGoodsRepository.delete:(Ljava/lang/Iterable;)V
      com.yufeng.repository.SaleListGoodsRepository.delete:(Ljava/lang/Object;)V
      com.yufeng.repository.SaleListGoodsRepository.deleteAll:()V
      com.yufeng.repository.SaleListGoodsRepository.deleteAllInBatch:()V
      com.yufeng.repository.SaleListGoodsRepository.deleteBySaleListId:(Ljava/lang/Integer;)V
      com.yufeng.repository.SaleListGoodsRepository.deleteInBatch:(Ljava/lang/Iterable;)V
      com.yufeng.repository.SaleListGoodsRepository.exists:(Ljava/io/Serializable;)Z
      com.yufeng.repository.SaleListGoodsRepository.exists:(Lorg/springframework/data/domain/Example;)Z
      com.yufeng.repository.SaleListGoodsRepository.findAll:(Ljava/lang/Iterable;)Ljava/lang/Iterable;
      com.yufeng.repository.SaleListGoodsRepository.findAll:(Lorg/springframework/data/domain/Example;)Ljava/lang/Iterable;
      com.yufeng.repository.SaleListGoodsRepository.findAll:(Lorg/springframework/data/domain/Example;Lorg/springframework/data/domain/Pageable;)Lorg/springframework/data/domain/Page;
      com.yufeng.repository.SaleListGoodsRepository.findAll:(Lorg/springframework/data/domain/Example;Lorg/springframework/data/domain/Sort;)Ljava/lang/Iterable;
      com.yufeng.repository.SaleListGoodsRepository.findAll:(Lorg/springframework/data/domain/Pageable;)Lorg/springframework/data/domain/Page;
      com.yufeng.repository.SaleListGoodsRepository.findAll:(Lorg/springframework/data/domain/Sort;)Ljava/lang/Iterable;
      com.yufeng.repository.SaleListGoodsRepository.findAll:(Lorg/springframework/data/jpa/domain/Specification;)Ljava/util/List;
      com.yufeng.repository.SaleListGoodsRepository.findAll:(Lorg/springframework/data/jpa/domain/Specification;Lorg/springframework/data/domain/Pageable;)Lorg/springframework/data/domain/Page;
      com.yufeng.repository.SaleListGoodsRepository.findAll:(Lorg/springframework/data/jpa/domain/Specification;Lorg/springframework/data/domain/Sort;)Ljava/util/List;
      com.yufeng.repository.SaleListGoodsRepository.findOne:(Ljava/io/Serializable;)Ljava/lang/Object;
      com.yufeng.repository.SaleListGoodsRepository.findOne:(Lorg/springframework/data/domain/Example;)Ljava/lang/Object;
      com.yufeng.repository.SaleListGoodsRepository.findOne:(Lorg/springframework/data/jpa/domain/Specification;)Ljava/lang/Object;
      com.yufeng.repository.SaleListGoodsRepository.flush:()V
      com.yufeng.repository.SaleListGoodsRepository.getOne:(Ljava/io/Serializable;)Ljava/lang/Object;
      com.yufeng.repository.SaleListGoodsRepository.getTotalByGoodsId:(Ljava/lang/Integer;)Ljava/lang/Integer;
      com.yufeng.repository.SaleListGoodsRepository.listBySaleListId:(Ljava/lang/Integer;)Ljava/util/List;
      com.yufeng.repository.SaleListGoodsRepository.save:(Ljava/lang/Iterable;)Ljava/lang/Iterable;
      com.yufeng.repository.SaleListGoodsRepository.save:(Ljava/lang/Object;)Ljava/lang/Object;
      com.yufeng.repository.SaleListGoodsRepository.saveAndFlush:(Ljava/lang/Object;)Ljava/lang/Object;
      
      No embedded Java database engines were detected.
      This will prevent Diffblue Cover from writing tests for repository classes.
      Spring supports HSQL, H2, and Derby.
      Please add one of these as a dependency to your project.
      Here are most recent versions of these libraries that are known to be
      compatible with Diffblue Cover:
      org.hsqldb:hsqldb:2.6.1
      com.h2database:h2:2.1.210
      org.apache.derby:derby:10.14.2.0
      Alternatively, if you are not interested in testing repository classes,
      they can be excluded using the '--exclude' option.
      
INFO  
INFO  E092: Missing embedded database engine
      No embedded Java database engines were detected.
      This will prevent Diffblue Cover from writing tests for repository classes.
      Spring supports HSQL, H2, and Derby.
      Please add one of these as a dependency to your project.
      Here are most recent versions of these libraries that are known to be
      compatible with Diffblue Cover:
      org.hsqldb:hsqldb:2.6.1
      com.h2database:h2:2.1.210
      org.apache.derby:derby:10.14.2.0
      Alternatively, if you are not interested in testing repository classes,
      they can be excluded using the '--exclude' option.
      
INFO  Affected methods:
      com.yufeng.repository.OverflowListGoodsRepository.count:()J
      com.yufeng.repository.OverflowListGoodsRepository.count:(Lorg/springframework/data/domain/Example;)J
      com.yufeng.repository.OverflowListGoodsRepository.count:(Lorg/springframework/data/jpa/domain/Specification;)J
      com.yufeng.repository.OverflowListGoodsRepository.delete:(Ljava/io/Serializable;)V
      com.yufeng.repository.OverflowListGoodsRepository.delete:(Ljava/lang/Iterable;)V
      com.yufeng.repository.OverflowListGoodsRepository.delete:(Ljava/lang/Object;)V
      com.yufeng.repository.OverflowListGoodsRepository.deleteAll:()V
      com.yufeng.repository.OverflowListGoodsRepository.deleteAllInBatch:()V
      com.yufeng.repository.OverflowListGoodsRepository.deleteByOverflowListId:(Ljava/lang/Integer;)V
      com.yufeng.repository.OverflowListGoodsRepository.deleteInBatch:(Ljava/lang/Iterable;)V
      com.yufeng.repository.OverflowListGoodsRepository.exists:(Ljava/io/Serializable;)Z
      com.yufeng.repository.OverflowListGoodsRepository.exists:(Lorg/springframework/data/domain/Example;)Z
      com.yufeng.repository.OverflowListGoodsRepository.findAll:(Ljava/lang/Iterable;)Ljava/lang/Iterable;
      com.yufeng.repository.OverflowListGoodsRepository.findAll:(Lorg/springframework/data/domain/Example;)Ljava/lang/Iterable;
      com.yufeng.repository.OverflowListGoodsRepository.findAll:(Lorg/springframework/data/domain/Example;Lorg/springframework/data/domain/Pageable;)Lorg/springframework/data/domain/Page;
      com.yufeng.repository.OverflowListGoodsRepository.findAll:(Lorg/springframework/data/domain/Example;Lorg/springframework/data/domain/Sort;)Ljava/lang/Iterable;
      com.yufeng.repository.OverflowListGoodsRepository.findAll:(Lorg/springframework/data/domain/Pageable;)Lorg/springframework/data/domain/Page;
      com.yufeng.repository.OverflowListGoodsRepository.findAll:(Lorg/springframework/data/domain/Sort;)Ljava/lang/Iterable;
      com.yufeng.repository.OverflowListGoodsRepository.findAll:(Lorg/springframework/data/jpa/domain/Specification;)Ljava/util/List;
      com.yufeng.repository.OverflowListGoodsRepository.findAll:(Lorg/springframework/data/jpa/domain/Specification;Lorg/springframework/data/domain/Pageable;)Lorg/springframework/data/domain/Page;
      com.yufeng.repository.OverflowListGoodsRepository.findAll:(Lorg/springframework/data/jpa/domain/Specification;Lorg/springframework/data/domain/Sort;)Ljava/util/List;
      com.yufeng.repository.OverflowListGoodsRepository.findOne:(Ljava/io/Serializable;)Ljava/lang/Object;
      com.yufeng.repository.OverflowListGoodsRepository.findOne:(Lorg/springframework/data/domain/Example;)Ljava/lang/Object;
      com.yufeng.repository.OverflowListGoodsRepository.findOne:(Lorg/springframework/data/jpa/domain/Specification;)Ljava/lang/Object;
      com.yufeng.repository.OverflowListGoodsRepository.flush:()V
      com.yufeng.repository.OverflowListGoodsRepository.getOne:(Ljava/io/Serializable;)Ljava/lang/Object;
      com.yufeng.repository.OverflowListGoodsRepository.listByOverflowListId:(Ljava/lang/Integer;)Ljava/util/List;
      com.yufeng.repository.OverflowListGoodsRepository.save:(Ljava/lang/Iterable;)Ljava/lang/Iterable;
      com.yufeng.repository.OverflowListGoodsRepository.save:(Ljava/lang/Object;)Ljava/lang/Object;
      com.yufeng.repository.OverflowListGoodsRepository.saveAndFlush:(Ljava/lang/Object;)Ljava/lang/Object;
      
INFO  To resolve the issue, use the following prompt with your AI assistant:
      
      Fix the following issue preventing test creation for:
      com.yufeng.repository.OverflowListGoodsRepository.count:()J
      com.yufeng.repository.OverflowListGoodsRepository.count:(Lorg/springframework/data/domain/Example;)J
      com.yufeng.repository.OverflowListGoodsRepository.count:(Lorg/springframework/data/jpa/domain/Specification;)J
      com.yufeng.repository.OverflowListGoodsRepository.delete:(Ljava/io/Serializable;)V
      com.yufeng.repository.OverflowListGoodsRepository.delete:(Ljava/lang/Iterable;)V
      com.yufeng.repository.OverflowListGoodsRepository.delete:(Ljava/lang/Object;)V
      com.yufeng.repository.OverflowListGoodsRepository.deleteAll:()V
      com.yufeng.repository.OverflowListGoodsRepository.deleteAllInBatch:()V
      com.yufeng.repository.OverflowListGoodsRepository.deleteByOverflowListId:(Ljava/lang/Integer;)V
      com.yufeng.repository.OverflowListGoodsRepository.deleteInBatch:(Ljava/lang/Iterable;)V
      com.yufeng.repository.OverflowListGoodsRepository.exists:(Ljava/io/Serializable;)Z
      com.yufeng.repository.OverflowListGoodsRepository.exists:(Lorg/springframework/data/domain/Example;)Z
      com.yufeng.repository.OverflowListGoodsRepository.findAll:(Ljava/lang/Iterable;)Ljava/lang/Iterable;
      com.yufeng.repository.OverflowListGoodsRepository.findAll:(Lorg/springframework/data/domain/Example;)Ljava/lang/Iterable;
      com.yufeng.repository.OverflowListGoodsRepository.findAll:(Lorg/springframework/data/domain/Example;Lorg/springframework/data/domain/Pageable;)Lorg/springframework/data/domain/Page;
      com.yufeng.repository.OverflowListGoodsRepository.findAll:(Lorg/springframework/data/domain/Example;Lorg/springframework/data/domain/Sort;)Ljava/lang/Iterable;
      com.yufeng.repository.OverflowListGoodsRepository.findAll:(Lorg/springframework/data/domain/Pageable;)Lorg/springframework/data/domain/Page;
      com.yufeng.repository.OverflowListGoodsRepository.findAll:(Lorg/springframework/data/domain/Sort;)Ljava/lang/Iterable;
      com.yufeng.repository.OverflowListGoodsRepository.findAll:(Lorg/springframework/data/jpa/domain/Specification;)Ljava/util/List;
      com.yufeng.repository.OverflowListGoodsRepository.findAll:(Lorg/springframework/data/jpa/domain/Specification;Lorg/springframework/data/domain/Pageable;)Lorg/springframework/data/domain/Page;
      com.yufeng.repository.OverflowListGoodsRepository.findAll:(Lorg/springframework/data/jpa/domain/Specification;Lorg/springframework/data/domain/Sort;)Ljava/util/List;
      com.yufeng.repository.OverflowListGoodsRepository.findOne:(Ljava/io/Serializable;)Ljava/lang/Object;
      com.yufeng.repository.OverflowListGoodsRepository.findOne:(Lorg/springframework/data/domain/Example;)Ljava/lang/Object;
      com.yufeng.repository.OverflowListGoodsRepository.findOne:(Lorg/springframework/data/jpa/domain/Specification;)Ljava/lang/Object;
      com.yufeng.repository.OverflowListGoodsRepository.flush:()V
      com.yufeng.repository.OverflowListGoodsRepository.getOne:(Ljava/io/Serializable;)Ljava/lang/Object;
      com.yufeng.repository.OverflowListGoodsRepository.listByOverflowListId:(Ljava/lang/Integer;)Ljava/util/List;
      com.yufeng.repository.OverflowListGoodsRepository.save:(Ljava/lang/Iterable;)Ljava/lang/Iterable;
      com.yufeng.repository.OverflowListGoodsRepository.save:(Ljava/lang/Object;)Ljava/lang/Object;
      com.yufeng.repository.OverflowListGoodsRepository.saveAndFlush:(Ljava/lang/Object;)Ljava/lang/Object;
      
      No embedded Java database engines were detected.
      This will prevent Diffblue Cover from writing tests for repository classes.
      Spring supports HSQL, H2, and Derby.
      Please add one of these as a dependency to your project.
      Here are most recent versions of these libraries that are known to be
      compatible with Diffblue Cover:
      org.hsqldb:hsqldb:2.6.1
      com.h2database:h2:2.1.210
      org.apache.derby:derby:10.14.2.0
      Alternatively, if you are not interested in testing repository classes,
      they can be excluded using the '--exclude' option.
      
INFO  
INFO  R013: No inputs found that don't throw a trivial exception
      Diffblue Cover tried to run the arrange/act section, but the test threw
      java.lang.NullPointerException
          at com.yufeng.controller.admin.SaleListAdminController.update(SaleListAdminController.java:156)
      In order to prevent the method under test
      from throwing NullPointerException, add constructors or factory
      methods that make it easier to construct fully initialized objects used in
      the method under test.
      See https://diff.blue/R013 to resolve this issue.
      
INFO  Affected methods:
      com.yufeng.controller.admin.SaleListAdminController.countSaleByMonth:(Ljava/lang/String;Ljava/lang/String;)Ljava/util/Map;
      com.yufeng.controller.admin.SaleListAdminController.save:(Lcom/yufeng/entity/SaleList;Ljava/lang/String;)Ljava/util/Map;
      
INFO  To resolve the issue, use the following prompt with your AI assistant:
      
      We are unit testing `com.yufeng.controller.admin.SaleListAdminController.countSaleByMonth:(Ljava/lang/String;Ljava/lang/String;)Ljava/util/Map;`.
      
      Create a parameterless factory method for the problematic
      parameter/this object, determining which by reading the error message below.
      The new factory method should be in the test classpath, not production.
      Create a new factory class if there isn't already one for the class under test.
      Do not create a test yourself, only a factory (don't test the factory either).
      The factory must be annotated with `@com.diffblue.cover.annotations.InterestingTestFactory`.
      Avoid using mocks, these tend to produce unused stubbing errors or a
      `java.lang.NullPointerException`.
      If your environment has internet access then further documentation on
      factory methods for Cover can be found here:
      https://docs.diffblue.com/features/tutorials/increase-code-coverage#test-factory-pattern
      
      The factory should produce a parameter/this object such that
      the following exception does not occur:
      
      ```
      java.lang.NullPointerException
        at com.yufeng.controller.admin.SaleListAdminController.update(SaleListAdminController.java:156)
      ```
      
      Recompile the project to make sure the new factory is available to Cover.
      For example run `mvn install -DskipTests` or `gradle install -x test`.
      
INFO  
INFO  R013: No inputs found that don't throw a trivial exception
      Diffblue Cover tried to run the arrange/act section, but the test threw
      java.lang.NullPointerException
          at com.yufeng.controller.admin.CustomerReturnListAdminController.update(CustomerReturnListAdminController.java:182)
      In order to prevent the method under test
      from throwing NullPointerException, add constructors or factory
      methods that make it easier to construct fully initialized objects used in
      the method under test.
      See https://diff.blue/R013 to resolve this issue.
      
INFO  Affected methods:
      com.yufeng.controller.admin.CustomerReturnListAdminController.save:(Lcom/yufeng/entity/CustomerReturnList;Ljava/lang/String;)Ljava/util/Map;
      
INFO  To resolve the issue, use the following prompt with your AI assistant:
      
      We are unit testing `com.yufeng.controller.admin.CustomerReturnListAdminController.save:(Lcom/yufeng/entity/CustomerReturnList;Ljava/lang/String;)Ljava/util/Map;`.
      
      Create a parameterless factory method for the problematic
      parameter/this object, determining which by reading the error message below.
      The new factory method should be in the test classpath, not production.
      Create a new factory class if there isn't already one for the class under test.
      Do not create a test yourself, only a factory (don't test the factory either).
      The factory must be annotated with `@com.diffblue.cover.annotations.InterestingTestFactory`.
      Avoid using mocks, these tend to produce unused stubbing errors or a
      `java.lang.NullPointerException`.
      If your environment has internet access then further documentation on
      factory methods for Cover can be found here:
      https://docs.diffblue.com/features/tutorials/increase-code-coverage#test-factory-pattern
      
      The factory should produce a parameter/this object such that
      the following exception does not occur:
      
      ```
      java.lang.NullPointerException
        at com.yufeng.controller.admin.CustomerReturnListAdminController.update(CustomerReturnListAdminController.java:182)
      ```
      
      Recompile the project to make sure the new factory is available to Cover.
      For example run `mvn install -DskipTests` or `gradle install -x test`.
      
INFO  
INFO  R013: No inputs found that don't throw a trivial exception
      Diffblue Cover tried to run the arrange/act section, but the test threw
      org.apache.shiro.UnavailableSecurityManagerException: No SecurityManager accessible to the calling code, either bound to the org.apache.shiro.util.ThreadContext or as a vm static singleton.  This is an invalid application configuration.
          at org.apache.shiro.SecurityUtils.getSecurityManager(SecurityUtils.java:123)
          at org.apache.shiro.subject.Subject$Builder.<init>(Subject.java:626)
          at org.apache.shiro.SecurityUtils.getSubject(SecurityUtils.java:56)
          at com.yufeng.controller.admin.DamageListAdminController.save(DamageListAdminController.java:134)
          at org.springframework.web.method.support.InvocableHandlerMethod.doInvoke(InvocableHandlerMethod.java:205)
          at org.springframework.web.method.support.InvocableHandlerMethod.invokeForRequest(InvocableHandlerMethod.java:133)
          at org.springframework.web.servlet.mvc.method.annotation.ServletInvocableHandlerMethod.invokeAndHandle(ServletInvocableHandlerMethod.java:97)
          at org.springframework.web.servlet.mvc.method.annotation.RequestMappingHandlerAdapter.invokeHandlerMethod(RequestMappingHandlerAdapter.java:827)
          at org.springframework.web.servlet.mvc.method.annotation.RequestMappingHandlerAdapter.handleInternal(RequestMappingHandlerAdapter.java:738)
          at org.springframework.web.servlet.mvc.method.AbstractHandlerMethodAdapter.handle(AbstractHandlerMethodAdapter.java:85)
          at org.springframework.web.servlet.DispatcherServlet.doDispatch(DispatcherServlet.java:967)
          at org.springframework.web.servlet.DispatcherServlet.doService(DispatcherServlet.java:901)
          at org.springframework.web.servlet.FrameworkServlet.processRequest(FrameworkServlet.java:970)
          at org.springframework.web.servlet.FrameworkServlet.doGet(FrameworkServlet.java:861)
          at javax.servlet.http.HttpServlet.service(HttpServlet.java:635)
          at org.springframework.web.servlet.FrameworkServlet.service(FrameworkServlet.java:846)
          at org.springframework.test.web.servlet.TestDispatcherServlet.service(TestDispatcherServlet.java:65)
          at javax.servlet.http.HttpServlet.service(HttpServlet.java:742)
          at org.springframework.mock.web.MockFilterChain$ServletFilterProxy.doFilter(MockFilterChain.java:167)
          at org.springframework.mock.web.MockFilterChain.doFilter(MockFilterChain.java:134)
          at org.springframework.test.web.servlet.MockMvc.perform(MockMvc.java:155)
      In order to prevent the method under test
      from throwing UnavailableSecurityManagerException, add constructors or factory
      methods that make it easier to construct fully initialized objects used in
      the method under test.
      See https://diff.blue/R013 to resolve this issue.
      
INFO  Affected methods:
      com.yufeng.controller.admin.DamageListAdminController.save:(Lcom/yufeng/entity/DamageList;Ljava/lang/String;)Ljava/util/Map;
      
INFO  To resolve the issue, use the following prompt with your AI assistant:
      
      We are unit testing `com.yufeng.controller.admin.DamageListAdminController.save:(Lcom/yufeng/entity/DamageList;Ljava/lang/String;)Ljava/util/Map;`.
      
      Create a parameterless factory method for the problematic
      parameter/this object, determining which by reading the error message below.
      The new factory method should be in the test classpath, not production.
      Create a new factory class if there isn't already one for the class under test.
      Do not create a test yourself, only a factory (don't test the factory either).
      The factory must be annotated with `@com.diffblue.cover.annotations.InterestingTestFactory`.
      Avoid using mocks, these tend to produce unused stubbing errors or a
      `java.lang.NullPointerException`.
      If your environment has internet access then further documentation on
      factory methods for Cover can be found here:
      https://docs.diffblue.com/features/tutorials/increase-code-coverage#test-factory-pattern
      
      The factory should produce a parameter/this object such that
      the following exception does not occur:
      
      ```
      org.apache.shiro.UnavailableSecurityManagerException: No SecurityManager accessible to the calling code, either bound to the org.apache.shiro.util.ThreadContext or as a vm static singleton.  This is an invalid application configuration.
        at org.apache.shiro.SecurityUtils.getSecurityManager(SecurityUtils.java:123)
        at org.apache.shiro.subject.Subject$Builder.<init>(Subject.java:626)
        at org.apache.shiro.SecurityUtils.getSubject(SecurityUtils.java:56)
        at com.yufeng.controller.admin.DamageListAdminController.save(DamageListAdminController.java:134)
        at org.springframework.web.method.support.InvocableHandlerMethod.doInvoke(InvocableHandlerMethod.java:205)
        at org.springframework.web.method.support.InvocableHandlerMethod.invokeForRequest(InvocableHandlerMethod.java:133)
        at org.springframework.web.servlet.mvc.method.annotation.ServletInvocableHandlerMethod.invokeAndHandle(ServletInvocableHandlerMethod.java:97)
        at org.springframework.web.servlet.mvc.method.annotation.RequestMappingHandlerAdapter.invokeHandlerMethod(RequestMappingHandlerAdapter.java:827)
        at org.springframework.web.servlet.mvc.method.annotation.RequestMappingHandlerAdapter.handleInternal(RequestMappingHandlerAdapter.java:738)
        at org.springframework.web.servlet.mvc.method.AbstractHandlerMethodAdapter.handle(AbstractHandlerMethodAdapter.java:85)
        at org.springframework.web.servlet.DispatcherServlet.doDispatch(DispatcherServlet.java:967)
        at org.springframework.web.servlet.DispatcherServlet.doService(DispatcherServlet.java:901)
        at org.springframework.web.servlet.FrameworkServlet.processRequest(FrameworkServlet.java:970)
        at org.springframework.web.servlet.FrameworkServlet.doGet(FrameworkServlet.java:861)
        at javax.servlet.http.HttpServlet.service(HttpServlet.java:635)
        at org.springframework.web.servlet.FrameworkServlet.service(FrameworkServlet.java:846)
        at org.springframework.test.web.servlet.TestDispatcherServlet.service(TestDispatcherServlet.java:65)
        at javax.servlet.http.HttpServlet.service(HttpServlet.java:742)
        at org.springframework.mock.web.MockFilterChain$ServletFilterProxy.doFilter(MockFilterChain.java:167)
        at org.springframework.mock.web.MockFilterChain.doFilter(MockFilterChain.java:134)
        at org.springframework.test.web.servlet.MockMvc.perform(MockMvc.java:155)
      ```
      
      Recompile the project to make sure the new factory is available to Cover.
      For example run `mvn install -DskipTests` or `gradle install -x test`.
      
INFO  
INFO  R013: No inputs found that don't throw a trivial exception
      Diffblue Cover tried to run the arrange/act section, but the test threw
      org.apache.shiro.UnavailableSecurityManagerException: No SecurityManager accessible to the calling code, either bound to the org.apache.shiro.util.ThreadContext or as a vm static singleton.  This is an invalid application configuration.
          at org.apache.shiro.SecurityUtils.getSecurityManager(SecurityUtils.java:123)
          at org.apache.shiro.subject.Subject$Builder.<init>(Subject.java:626)
          at org.apache.shiro.SecurityUtils.getSubject(SecurityUtils.java:56)
          at com.yufeng.controller.admin.OverflowListAdminController.save(OverflowListAdminController.java:134)
          at org.springframework.web.method.support.InvocableHandlerMethod.doInvoke(InvocableHandlerMethod.java:205)
          at org.springframework.web.method.support.InvocableHandlerMethod.invokeForRequest(InvocableHandlerMethod.java:133)
          at org.springframework.web.servlet.mvc.method.annotation.ServletInvocableHandlerMethod.invokeAndHandle(ServletInvocableHandlerMethod.java:97)
          at org.springframework.web.servlet.mvc.method.annotation.RequestMappingHandlerAdapter.invokeHandlerMethod(RequestMappingHandlerAdapter.java:827)
          at org.springframework.web.servlet.mvc.method.annotation.RequestMappingHandlerAdapter.handleInternal(RequestMappingHandlerAdapter.java:738)
          at org.springframework.web.servlet.mvc.method.AbstractHandlerMethodAdapter.handle(AbstractHandlerMethodAdapter.java:85)
          at org.springframework.web.servlet.DispatcherServlet.doDispatch(DispatcherServlet.java:967)
          at org.springframework.web.servlet.DispatcherServlet.doService(DispatcherServlet.java:901)
          at org.springframework.web.servlet.FrameworkServlet.processRequest(FrameworkServlet.java:970)
          at org.springframework.web.servlet.FrameworkServlet.doGet(FrameworkServlet.java:861)
          at javax.servlet.http.HttpServlet.service(HttpServlet.java:635)
          at org.springframework.web.servlet.FrameworkServlet.service(FrameworkServlet.java:846)
          at org.springframework.test.web.servlet.TestDispatcherServlet.service(TestDispatcherServlet.java:65)
          at javax.servlet.http.HttpServlet.service(HttpServlet.java:742)
          at org.springframework.mock.web.MockFilterChain$ServletFilterProxy.doFilter(MockFilterChain.java:167)
          at org.springframework.mock.web.MockFilterChain.doFilter(MockFilterChain.java:134)
          at org.springframework.test.web.servlet.MockMvc.perform(MockMvc.java:155)
      In order to prevent the method under test
      from throwing UnavailableSecurityManagerException, add constructors or factory
      methods that make it easier to construct fully initialized objects used in
      the method under test.
      See https://diff.blue/R013 to resolve this issue.
      
INFO  Affected methods:
      com.yufeng.controller.admin.OverflowListAdminController.save:(Lcom/yufeng/entity/OverflowList;Ljava/lang/String;)Ljava/util/Map;
      
INFO  To resolve the issue, use the following prompt with your AI assistant:
      
      We are unit testing `com.yufeng.controller.admin.OverflowListAdminController.save:(Lcom/yufeng/entity/OverflowList;Ljava/lang/String;)Ljava/util/Map;`.
      
      Create a parameterless factory method for the problematic
      parameter/this object, determining which by reading the error message below.
      The new factory method should be in the test classpath, not production.
      Create a new factory class if there isn't already one for the class under test.
      Do not create a test yourself, only a factory (don't test the factory either).
      The factory must be annotated with `@com.diffblue.cover.annotations.InterestingTestFactory`.
      Avoid using mocks, these tend to produce unused stubbing errors or a
      `java.lang.NullPointerException`.
      If your environment has internet access then further documentation on
      factory methods for Cover can be found here:
      https://docs.diffblue.com/features/tutorials/increase-code-coverage#test-factory-pattern
      
      The factory should produce a parameter/this object such that
      the following exception does not occur:
      
      ```
      org.apache.shiro.UnavailableSecurityManagerException: No SecurityManager accessible to the calling code, either bound to the org.apache.shiro.util.ThreadContext or as a vm static singleton.  This is an invalid application configuration.
        at org.apache.shiro.SecurityUtils.getSecurityManager(SecurityUtils.java:123)
        at org.apache.shiro.subject.Subject$Builder.<init>(Subject.java:626)
        at org.apache.shiro.SecurityUtils.getSubject(SecurityUtils.java:56)
        at com.yufeng.controller.admin.OverflowListAdminController.save(OverflowListAdminController.java:134)
        at org.springframework.web.method.support.InvocableHandlerMethod.doInvoke(InvocableHandlerMethod.java:205)
        at org.springframework.web.method.support.InvocableHandlerMethod.invokeForRequest(InvocableHandlerMethod.java:133)
        at org.springframework.web.servlet.mvc.method.annotation.ServletInvocableHandlerMethod.invokeAndHandle(ServletInvocableHandlerMethod.java:97)
        at org.springframework.web.servlet.mvc.method.annotation.RequestMappingHandlerAdapter.invokeHandlerMethod(RequestMappingHandlerAdapter.java:827)
        at org.springframework.web.servlet.mvc.method.annotation.RequestMappingHandlerAdapter.handleInternal(RequestMappingHandlerAdapter.java:738)
        at org.springframework.web.servlet.mvc.method.AbstractHandlerMethodAdapter.handle(AbstractHandlerMethodAdapter.java:85)
        at org.springframework.web.servlet.DispatcherServlet.doDispatch(DispatcherServlet.java:967)
        at org.springframework.web.servlet.DispatcherServlet.doService(DispatcherServlet.java:901)
        at org.springframework.web.servlet.FrameworkServlet.processRequest(FrameworkServlet.java:970)
        at org.springframework.web.servlet.FrameworkServlet.doGet(FrameworkServlet.java:861)
        at javax.servlet.http.HttpServlet.service(HttpServlet.java:635)
        at org.springframework.web.servlet.FrameworkServlet.service(FrameworkServlet.java:846)
        at org.springframework.test.web.servlet.TestDispatcherServlet.service(TestDispatcherServlet.java:65)
        at javax.servlet.http.HttpServlet.service(HttpServlet.java:742)
        at org.springframework.mock.web.MockFilterChain$ServletFilterProxy.doFilter(MockFilterChain.java:167)
        at org.springframework.mock.web.MockFilterChain.doFilter(MockFilterChain.java:134)
        at org.springframework.test.web.servlet.MockMvc.perform(MockMvc.java:155)
      ```
      
      Recompile the project to make sure the new factory is available to Cover.
      For example run `mvn install -DskipTests` or `gradle install -x test`.
      
INFO  
INFO  R013: No inputs found that don't throw a trivial exception
      Diffblue Cover tried to run the arrange/act section, but the test threw
      java.lang.NullPointerException
          at com.yufeng.controller.admin.PurchaseListAdminController.update(PurchaseListAdminController.java:180)
      In order to prevent the method under test
      from throwing NullPointerException, add constructors or factory
      methods that make it easier to construct fully initialized objects used in
      the method under test.
      See https://diff.blue/R013 to resolve this issue.
      
INFO  Affected methods:
      com.yufeng.controller.admin.PurchaseListAdminController.save:(Lcom/yufeng/entity/PurchaseList;Ljava/lang/String;)Ljava/util/Map;
      
INFO  To resolve the issue, use the following prompt with your AI assistant:
      
      We are unit testing `com.yufeng.controller.admin.PurchaseListAdminController.save:(Lcom/yufeng/entity/PurchaseList;Ljava/lang/String;)Ljava/util/Map;`.
      
      Create a parameterless factory method for the problematic
      parameter/this object, determining which by reading the error message below.
      The new factory method should be in the test classpath, not production.
      Create a new factory class if there isn't already one for the class under test.
      Do not create a test yourself, only a factory (don't test the factory either).
      The factory must be annotated with `@com.diffblue.cover.annotations.InterestingTestFactory`.
      Avoid using mocks, these tend to produce unused stubbing errors or a
      `java.lang.NullPointerException`.
      If your environment has internet access then further documentation on
      factory methods for Cover can be found here:
      https://docs.diffblue.com/features/tutorials/increase-code-coverage#test-factory-pattern
      
      The factory should produce a parameter/this object such that
      the following exception does not occur:
      
      ```
      java.lang.NullPointerException
        at com.yufeng.controller.admin.PurchaseListAdminController.update(PurchaseListAdminController.java:180)
      ```
      
      Recompile the project to make sure the new factory is available to Cover.
      For example run `mvn install -DskipTests` or `gradle install -x test`.
      
INFO  
INFO  R013: No inputs found that don't throw a trivial exception
      Diffblue Cover tried to run the arrange/act section, but the test threw
      java.lang.NullPointerException
          at com.yufeng.controller.admin.ReturnListAdminController.update(ReturnListAdminController.java:180)
      In order to prevent the method under test
      from throwing NullPointerException, add constructors or factory
      methods that make it easier to construct fully initialized objects used in
      the method under test.
      See https://diff.blue/R013 to resolve this issue.
      
INFO  Affected methods:
      com.yufeng.controller.admin.ReturnListAdminController.save:(Lcom/yufeng/entity/ReturnList;Ljava/lang/String;)Ljava/util/Map;
      
INFO  To resolve the issue, use the following prompt with your AI assistant:
      
      We are unit testing `com.yufeng.controller.admin.ReturnListAdminController.save:(Lcom/yufeng/entity/ReturnList;Ljava/lang/String;)Ljava/util/Map;`.
      
      Create a parameterless factory method for the problematic
      parameter/this object, determining which by reading the error message below.
      The new factory method should be in the test classpath, not production.
      Create a new factory class if there isn't already one for the class under test.
      Do not create a test yourself, only a factory (don't test the factory either).
      The factory must be annotated with `@com.diffblue.cover.annotations.InterestingTestFactory`.
      Avoid using mocks, these tend to produce unused stubbing errors or a
      `java.lang.NullPointerException`.
      If your environment has internet access then further documentation on
      factory methods for Cover can be found here:
      https://docs.diffblue.com/features/tutorials/increase-code-coverage#test-factory-pattern
      
      The factory should produce a parameter/this object such that
      the following exception does not occur:
      
      ```
      java.lang.NullPointerException
        at com.yufeng.controller.admin.ReturnListAdminController.update(ReturnListAdminController.java:180)
      ```
      
      Recompile the project to make sure the new factory is available to Cover.
      For example run `mvn install -DskipTests` or `gradle install -x test`.
      
INFO  
INFO  R013: No inputs found that don't throw a trivial exception
      Diffblue Cover tried to run the arrange/act section, but the test threw
      java.lang.NullPointerException
          at com.yufeng.controller.admin.SaleListAdminController.update(SaleListAdminController.java:156)
      In order to prevent the method under test
      from throwing NullPointerException, add constructors or factory
      methods that make it easier to construct fully initialized objects used in
      the method under test.
      See https://diff.blue/R013 to resolve this issue.
      
INFO  Affected methods:
      com.yufeng.controller.admin.SaleListAdminController.countSaleByDay:(Ljava/lang/String;Ljava/lang/String;)Ljava/util/Map;
      
INFO  To resolve the issue, use the following prompt with your AI assistant:
      
      We are unit testing `com.yufeng.controller.admin.SaleListAdminController.countSaleByDay:(Ljava/lang/String;Ljava/lang/String;)Ljava/util/Map;`.
      
      Create a parameterless factory method for the problematic
      parameter/this object, determining which by reading the error message below.
      The new factory method should be in the test classpath, not production.
      Create a new factory class if there isn't already one for the class under test.
      Do not create a test yourself, only a factory (don't test the factory either).
      The factory must be annotated with `@com.diffblue.cover.annotations.InterestingTestFactory`.
      Avoid using mocks, these tend to produce unused stubbing errors or a
      `java.lang.NullPointerException`.
      If your environment has internet access then further documentation on
      factory methods for Cover can be found here:
      https://docs.diffblue.com/features/tutorials/increase-code-coverage#test-factory-pattern
      
      The factory should produce a parameter/this object such that
      the following exception does not occur:
      
      ```
      java.lang.NullPointerException
        at com.yufeng.controller.admin.SaleListAdminController.update(SaleListAdminController.java:156)
      ```
      
      Recompile the project to make sure the new factory is available to Cover.
      For example run `mvn install -DskipTests` or `gradle install -x test`.
      
INFO  
INFO  R013: No inputs found that don't throw a trivial exception
      Diffblue Cover tried to run the arrange/act section, but the test threw
      org.apache.shiro.UnavailableSecurityManagerException: No SecurityManager accessible to the calling code, either bound to the org.apache.shiro.util.ThreadContext or as a vm static singleton.  This is an invalid application configuration.
          at org.apache.shiro.SecurityUtils.getSecurityManager(SecurityUtils.java:123)
          at org.apache.shiro.subject.Subject$Builder.<init>(Subject.java:626)
          at org.apache.shiro.SecurityUtils.getSubject(SecurityUtils.java:56)
          at com.yufeng.controller.admin.UserAdminController.logout(UserAdminController.java:77)
          at org.springframework.web.method.support.InvocableHandlerMethod.doInvoke(InvocableHandlerMethod.java:205)
          at org.springframework.web.method.support.InvocableHandlerMethod.invokeForRequest(InvocableHandlerMethod.java:133)
          at org.springframework.web.servlet.mvc.method.annotation.ServletInvocableHandlerMethod.invokeAndHandle(ServletInvocableHandlerMethod.java:97)
          at org.springframework.web.servlet.mvc.method.annotation.RequestMappingHandlerAdapter.invokeHandlerMethod(RequestMappingHandlerAdapter.java:827)
          at org.springframework.web.servlet.mvc.method.annotation.RequestMappingHandlerAdapter.handleInternal(RequestMappingHandlerAdapter.java:738)
          at org.springframework.web.servlet.mvc.method.AbstractHandlerMethodAdapter.handle(AbstractHandlerMethodAdapter.java:85)
          at org.springframework.web.servlet.DispatcherServlet.doDispatch(DispatcherServlet.java:967)
          at org.springframework.web.servlet.DispatcherServlet.doService(DispatcherServlet.java:901)
          at org.springframework.web.servlet.FrameworkServlet.processRequest(FrameworkServlet.java:970)
          at org.springframework.web.servlet.FrameworkServlet.doGet(FrameworkServlet.java:861)
          at javax.servlet.http.HttpServlet.service(HttpServlet.java:635)
          at org.springframework.web.servlet.FrameworkServlet.service(FrameworkServlet.java:846)
          at org.springframework.test.web.servlet.TestDispatcherServlet.service(TestDispatcherServlet.java:65)
          at javax.servlet.http.HttpServlet.service(HttpServlet.java:742)
          at org.springframework.mock.web.MockFilterChain$ServletFilterProxy.doFilter(MockFilterChain.java:167)
          at org.springframework.mock.web.MockFilterChain.doFilter(MockFilterChain.java:134)
          at org.springframework.test.web.servlet.MockMvc.perform(MockMvc.java:155)
      In order to prevent the method under test
      from throwing UnavailableSecurityManagerException, add constructors or factory
      methods that make it easier to construct fully initialized objects used in
      the method under test.
      See https://diff.blue/R013 to resolve this issue.
      
INFO  Affected methods:
      com.yufeng.controller.admin.UserAdminController.logout:()Ljava/lang/String;
      
INFO  To resolve the issue, use the following prompt with your AI assistant:
      
      We are unit testing `com.yufeng.controller.admin.UserAdminController.logout:()Ljava/lang/String;`.
      
      Create a parameterless factory method for the problematic
      parameter/this object, determining which by reading the error message below.
      The new factory method should be in the test classpath, not production.
      Create a new factory class if there isn't already one for the class under test.
      Do not create a test yourself, only a factory (don't test the factory either).
      The factory must be annotated with `@com.diffblue.cover.annotations.InterestingTestFactory`.
      Avoid using mocks, these tend to produce unused stubbing errors or a
      `java.lang.NullPointerException`.
      If your environment has internet access then further documentation on
      factory methods for Cover can be found here:
      https://docs.diffblue.com/features/tutorials/increase-code-coverage#test-factory-pattern
      
      The factory should produce a parameter/this object such that
      the following exception does not occur:
      
      ```
      org.apache.shiro.UnavailableSecurityManagerException: No SecurityManager accessible to the calling code, either bound to the org.apache.shiro.util.ThreadContext or as a vm static singleton.  This is an invalid application configuration.
        at org.apache.shiro.SecurityUtils.getSecurityManager(SecurityUtils.java:123)
        at org.apache.shiro.subject.Subject$Builder.<init>(Subject.java:626)
        at org.apache.shiro.SecurityUtils.getSubject(SecurityUtils.java:56)
        at com.yufeng.controller.admin.UserAdminController.logout(UserAdminController.java:77)
        at org.springframework.web.method.support.InvocableHandlerMethod.doInvoke(InvocableHandlerMethod.java:205)
        at org.springframework.web.method.support.InvocableHandlerMethod.invokeForRequest(InvocableHandlerMethod.java:133)
        at org.springframework.web.servlet.mvc.method.annotation.ServletInvocableHandlerMethod.invokeAndHandle(ServletInvocableHandlerMethod.java:97)
        at org.springframework.web.servlet.mvc.method.annotation.RequestMappingHandlerAdapter.invokeHandlerMethod(RequestMappingHandlerAdapter.java:827)
        at org.springframework.web.servlet.mvc.method.annotation.RequestMappingHandlerAdapter.handleInternal(RequestMappingHandlerAdapter.java:738)
        at org.springframework.web.servlet.mvc.method.AbstractHandlerMethodAdapter.handle(AbstractHandlerMethodAdapter.java:85)
        at org.springframework.web.servlet.DispatcherServlet.doDispatch(DispatcherServlet.java:967)
        at org.springframework.web.servlet.DispatcherServlet.doService(DispatcherServlet.java:901)
        at org.springframework.web.servlet.FrameworkServlet.processRequest(FrameworkServlet.java:970)
        at org.springframework.web.servlet.FrameworkServlet.doGet(FrameworkServlet.java:861)
        at javax.servlet.http.HttpServlet.service(HttpServlet.java:635)
        at org.springframework.web.servlet.FrameworkServlet.service(FrameworkServlet.java:846)
        at org.springframework.test.web.servlet.TestDispatcherServlet.service(TestDispatcherServlet.java:65)
        at javax.servlet.http.HttpServlet.service(HttpServlet.java:742)
        at org.springframework.mock.web.MockFilterChain$ServletFilterProxy.doFilter(MockFilterChain.java:167)
        at org.springframework.mock.web.MockFilterChain.doFilter(MockFilterChain.java:134)
        at org.springframework.test.web.servlet.MockMvc.perform(MockMvc.java:155)
      ```
      
      Recompile the project to make sure the new factory is available to Cover.
      For example run `mvn install -DskipTests` or `gradle install -x test`.
      
INFO  
INFO  R013: No inputs found that don't throw a trivial exception
      Diffblue Cover tried to run the arrange/act section, but the test threw
      org.apache.shiro.UnavailableSecurityManagerException: No SecurityManager accessible to the calling code, either bound to the org.apache.shiro.util.ThreadContext or as a vm static singleton.  This is an invalid application configuration.
          at org.apache.shiro.SecurityUtils.getSecurityManager(SecurityUtils.java:123)
          at org.apache.shiro.subject.Subject$Builder.<init>(Subject.java:626)
          at org.apache.shiro.SecurityUtils.getSubject(SecurityUtils.java:56)
          at com.yufeng.realm.MyRealm.doGetAuthorizationInfo(MyRealm.java:45)
      In order to prevent the method under test
      from throwing UnavailableSecurityManagerException, add constructors or factory
      methods that make it easier to construct fully initialized objects used in
      the method under test.
      See https://diff.blue/R013 to resolve this issue.
      
INFO  Affected methods:
      com.yufeng.realm.MyRealm.doGetAuthorizationInfo:(Lorg/apache/shiro/subject/PrincipalCollection;)Lorg/apache/shiro/authz/AuthorizationInfo;
      
INFO  To resolve the issue, use the following prompt with your AI assistant:
      
      We are unit testing `com.yufeng.realm.MyRealm.doGetAuthorizationInfo:(Lorg/apache/shiro/subject/PrincipalCollection;)Lorg/apache/shiro/authz/AuthorizationInfo;`.
      
      Create a parameterless factory method for the problematic
      parameter/this object, determining which by reading the error message below.
      The new factory method should be in the test classpath, not production.
      Create a new factory class if there isn't already one for the class under test.
      Do not create a test yourself, only a factory (don't test the factory either).
      The factory must be annotated with `@com.diffblue.cover.annotations.InterestingTestFactory`.
      Avoid using mocks, these tend to produce unused stubbing errors or a
      `java.lang.NullPointerException`.
      If your environment has internet access then further documentation on
      factory methods for Cover can be found here:
      https://docs.diffblue.com/features/tutorials/increase-code-coverage#test-factory-pattern
      
      The factory should produce a parameter/this object such that
      the following exception does not occur:
      
      ```
      org.apache.shiro.UnavailableSecurityManagerException: No SecurityManager accessible to the calling code, either bound to the org.apache.shiro.util.ThreadContext or as a vm static singleton.  This is an invalid application configuration.
        at org.apache.shiro.SecurityUtils.getSecurityManager(SecurityUtils.java:123)
        at org.apache.shiro.subject.Subject$Builder.<init>(Subject.java:626)
        at org.apache.shiro.SecurityUtils.getSubject(SecurityUtils.java:56)
        at com.yufeng.realm.MyRealm.doGetAuthorizationInfo(MyRealm.java:45)
      ```
      
      Recompile the project to make sure the new factory is available to Cover.
      For example run `mvn install -DskipTests` or `gradle install -x test`.
      
INFO  
INFO  R013: No inputs found that don't throw a trivial exception
      Diffblue Cover tried to run the arrange/act section, but the test threw
      org.apache.shiro.UnavailableSecurityManagerException: No SecurityManager accessible to the calling code, either bound to the org.apache.shiro.util.ThreadContext or as a vm static singleton.  This is an invalid application configuration.
          at org.apache.shiro.SecurityUtils.getSecurityManager(SecurityUtils.java:123)
          at org.apache.shiro.subject.Subject$Builder.<init>(Subject.java:626)
          at org.apache.shiro.SecurityUtils.getSubject(SecurityUtils.java:56)
          at com.yufeng.service.impl.LogServiceImpl.save(LogServiceImpl.java:41)
      In order to prevent the method under test
      from throwing UnavailableSecurityManagerException, add constructors or factory
      methods that make it easier to construct fully initialized objects used in
      the method under test.
      See https://diff.blue/R013 to resolve this issue.
      
INFO  Affected methods:
      com.yufeng.service.impl.LogServiceImpl.save:(Lcom/yufeng/entity/Log;)V
      
INFO  To resolve the issue, use the following prompt with your AI assistant:
      
      We are unit testing `com.yufeng.service.impl.LogServiceImpl.save:(Lcom/yufeng/entity/Log;)V`.
      
      Create a parameterless factory method for the problematic
      parameter/this object, determining which by reading the error message below.
      The new factory method should be in the test classpath, not production.
      Create a new factory class if there isn't already one for the class under test.
      Do not create a test yourself, only a factory (don't test the factory either).
      The factory must be annotated with `@com.diffblue.cover.annotations.InterestingTestFactory`.
      Avoid using mocks, these tend to produce unused stubbing errors or a
      `java.lang.NullPointerException`.
      If your environment has internet access then further documentation on
      factory methods for Cover can be found here:
      https://docs.diffblue.com/features/tutorials/increase-code-coverage#test-factory-pattern
      
      The factory should produce a parameter/this object such that
      the following exception does not occur:
      
      ```
      org.apache.shiro.UnavailableSecurityManagerException: No SecurityManager accessible to the calling code, either bound to the org.apache.shiro.util.ThreadContext or as a vm static singleton.  This is an invalid application configuration.
        at org.apache.shiro.SecurityUtils.getSecurityManager(SecurityUtils.java:123)
        at org.apache.shiro.subject.Subject$Builder.<init>(Subject.java:626)
        at org.apache.shiro.SecurityUtils.getSubject(SecurityUtils.java:56)
        at com.yufeng.service.impl.LogServiceImpl.save(LogServiceImpl.java:41)
      ```
      
      Recompile the project to make sure the new factory is available to Cover.
      For example run `mvn install -DskipTests` or `gradle install -x test`.
      
INFO  
INFO  R013: No inputs found that don't throw a trivial exception
      Diffblue Cover tried to run the arrange/act section, but the test threw
      java.lang.NullPointerException
          at java.util.Calendar.setTime(Calendar.java:1770)
          at com.yufeng.util.DateUtil.getRangeDates(DateUtil.java:72)
      In order to prevent the method under test
      from throwing NullPointerException, add constructors or factory
      methods that make it easier to construct fully initialized objects used in
      the method under test.
      See https://diff.blue/R013 to resolve this issue.
      
INFO  Affected methods:
      com.yufeng.util.DateUtil.getRangeDates:(Ljava/lang/String;Ljava/lang/String;)Ljava/util/List;
      
INFO  To resolve the issue, use the following prompt with your AI assistant:
      
      We are unit testing `com.yufeng.util.DateUtil.getRangeDates:(Ljava/lang/String;Ljava/lang/String;)Ljava/util/List;`.
      
      Create a parameterless factory method for the problematic
      parameter/this object, determining which by reading the error message below.
      The new factory method should be in the test classpath, not production.
      Create a new factory class if there isn't already one for the class under test.
      Do not create a test yourself, only a factory (don't test the factory either).
      The factory must be annotated with `@com.diffblue.cover.annotations.InterestingTestFactory`.
      Avoid using mocks, these tend to produce unused stubbing errors or a
      `java.lang.NullPointerException`.
      If your environment has internet access then further documentation on
      factory methods for Cover can be found here:
      https://docs.diffblue.com/features/tutorials/increase-code-coverage#test-factory-pattern
      
      The factory should produce a parameter/this object such that
      the following exception does not occur:
      
      ```
      java.lang.NullPointerException
        at java.util.Calendar.setTime(Calendar.java:1770)
        at com.yufeng.util.DateUtil.getRangeDates(DateUtil.java:72)
      ```
      
      Recompile the project to make sure the new factory is available to Cover.
      For example run `mvn install -DskipTests` or `gradle install -x test`.
      
INFO  
INFO  R013: No inputs found that don't throw a trivial exception
      Diffblue Cover tried to run the arrange/act section, but the test threw
      java.lang.NullPointerException
          at java.util.Calendar.setTime(Calendar.java:1770)
          at com.yufeng.util.DateUtil.getRangeMonth(DateUtil.java:94)
      In order to prevent the method under test
      from throwing NullPointerException, add constructors or factory
      methods that make it easier to construct fully initialized objects used in
      the method under test.
      See https://diff.blue/R013 to resolve this issue.
      
INFO  Affected methods:
      com.yufeng.util.DateUtil.getRangeMonth:(Ljava/lang/String;Ljava/lang/String;)Ljava/util/List;
      
INFO  To resolve the issue, use the following prompt with your AI assistant:
      
      We are unit testing `com.yufeng.util.DateUtil.getRangeMonth:(Ljava/lang/String;Ljava/lang/String;)Ljava/util/List;`.
      
      Create a parameterless factory method for the problematic
      parameter/this object, determining which by reading the error message below.
      The new factory method should be in the test classpath, not production.
      Create a new factory class if there isn't already one for the class under test.
      Do not create a test yourself, only a factory (don't test the factory either).
      The factory must be annotated with `@com.diffblue.cover.annotations.InterestingTestFactory`.
      Avoid using mocks, these tend to produce unused stubbing errors or a
      `java.lang.NullPointerException`.
      If your environment has internet access then further documentation on
      factory methods for Cover can be found here:
      https://docs.diffblue.com/features/tutorials/increase-code-coverage#test-factory-pattern
      
      The factory should produce a parameter/this object such that
      the following exception does not occur:
      
      ```
      java.lang.NullPointerException
        at java.util.Calendar.setTime(Calendar.java:1770)
        at com.yufeng.util.DateUtil.getRangeMonth(DateUtil.java:94)
      ```
      
      Recompile the project to make sure the new factory is available to Cover.
      For example run `mvn install -DskipTests` or `gradle install -x test`.
      
INFO  
INFO  R002: Missing observers
      Diffblue Cover was unable to create an assertion.
      Add getters for the following fields or make them package-private:
      SpringBootServletInitializer.logger
      SpringBootServletInitializer.registerErrorPageFilter
      
INFO  Affected methods:
      com.yufeng.ServletInitializer.<init>:()V
      
INFO  To resolve the issue, run the following command in your terminal:
      
      dcover refactor
      
INFO  
INFO  R031: Method may be time-sensitive
      Diffblue Cover was only able to write tests that are time-sensitive.
      The assertions don't pass when run at an alternate date, time, and
      timezone. Try refactoring the method to take a 'java.time.Clock' instance so
      that the time can be parameterized during testing.
      See Working with code R031 (https://diff.blue/R031) for details.
      
INFO  Affected methods:
      com.yufeng.util.DateUtil.getCurrentDateStr:()Ljava/lang/String;
      
INFO  To resolve the issue, use the following prompt with your AI assistant:
      
      Fix the following issue preventing test creation for:
      com.yufeng.util.DateUtil.getCurrentDateStr:()Ljava/lang/String;
      
      Diffblue Cover was only able to write tests that are time-sensitive.
      The assertions don't pass when run at an alternate date, time, and
      timezone. Try refactoring the method to take a 'java.time.Clock' instance so
      that the time can be parameterized during testing.
      See Working with code R031 (https://diff.blue/R031) for details.
      
INFO  
INFO  37 issues were found and displayed
INFO  Rerun with --prompts --limit 10 --skip 10 to focus on a subset of the issues
INFO  Rerun without --prompts to summarise all the issues
INFO  
INFO  Log file: /home/jbergqvist/diffblue/mawensen-erp/.diffblue/log/user-20260112T143608.log
INFO  Finished in 4s
